Date,R1,R3,R7,rainy_days,TMAX,TMIN,TideMax,TideMin
02/01/2020,0,0,0,0,32.1,25,2.38,1.34
03/01/2020,0,0,0,0,32.1,23.5,2.21,1.47
04/01/2020,0,0,0,0,31.8,25,2.2,1.57
05/01/2020,0.8,0.8,0,0,32,26.4,2.34,1.65
06/01/2020,0,0.8,0,0,31.5,24.3,2.45,1.53
07/01/2020,0,0.8,0,0,31,24.9,2.65,1.3
08/01/2020,0,0,0.8,1,31.5,24.8,2.79,1.12
09/01/2020,0,0,0.8,1,31.5,23.9,2.89,0.97
10/01/2020,0.05,0.05,0.85,2,30.5,25.6,2.95,0.92
11/01/2020,0,0.05,0.85,2,32.1,23.7,2.92,0.91
12/01/2020,0,0.05,0.05,1,31.5,24,2.88,0.89
13/01/2020,0,0,0.05,1,32.4,23.5,2.86,0.93
14/01/2020,0,0,0.05,1,31.5,23.5,2.8,0.96
15/01/2020,0,0,0.05,1,31.9,24.7,2.66,1.08
16/01/2020,0,0,0.05,1,32.1,26.8,2.49,1.16
17/01/2020,0,0,0,0,31.4,26.3,2.28,1.32
18/01/2020,0.05,0.05,0.05,1,33.3,24.9,2.37,1.38
19/01/2020,0,0.05,0.05,1,32,26.2,2.48,1.5
20/01/2020,0,0.05,0.05,1,32,24.9,2.58,1.43
21/01/2020,0,0,0.05,1,32.3,26.9,2.68,1.23
22/01/2020,0,0,0.05,1,31.3,26.3,2.7,1.04
23/01/2020,0,0,0.05,1,32,25.6,2.79,0.97
24/01/2020,0,0,0.05,1,31.7,24.2,2.86,0.91
25/01/2020,0,0,0,0,32.3,25.4,2.83,0.91
26/01/2020,0,0,0,0,31.8,24.8,2.68,0.97
27/01/2020,0,0,0,0,32.5,24.5,2.65,1.04
28/01/2020,0,0,0,0,33,24.5,2.59,1.1
29/01/2020,0,0,0,0,32.1,23.3,2.47,1.19
30/01/2020,0,0,0,0,34.2,24,2.34,1.24
31/01/2020,0,0,0,0,33.6,24.1,2.19,1.29
01/02/2020,0,0,0,0,33.8,23.9,2.08,1.39
02/02/2020,0,0,0,0,31.5,25.5,2.19,1.46
03/02/2020,0,0,0,0,32.1,22.6,2.26,1.52
04/02/2020,0,0,0,0,31.4,23.7,2.39,1.32
05/02/2020,0,0,0,0,31.4,21.2,2.53,1.12
06/02/2020,0,0,0,0,31.7,23,2.67,0.95
07/02/2020,0,0,0,0,32.8,25.5,2.8,0.85
08/02/2020,0,0,0,0,32.5,25.8,2.79,0.83
09/02/2020,0,0,0,0,32.3,27,2.77,0.87
10/02/2020,0.05,0.05,0.05,1,32.1,26.6,2.7,0.92
11/02/2020,19.2,19.25,19.25,2,30.5,24.6,2.68,0.98
12/02/2020,0,19.25,19.25,2,31.3,26,2.58,1.1
13/02/2020,0,19.2,19.25,2,31,24,2.42,1.2
14/02/2020,0,0,19.25,2,31.5,26,2.3,1.35
15/02/2020,0,0,19.25,2,31.5,24.4,2.36,1.38
16/02/2020,0,0,19.25,2,31.5,23.6,2.35,1.39
17/02/2020,0,0,19.2,1,31.3,23.5,2.47,1.33
18/02/2020,0.2,0.2,0.2,1,34.5,24.2,2.52,1.19
19/02/2020,0,0.2,0.2,1,32,26,2.59,1.08
20/02/2020,0.05,0.25,0.25,2,32,26.5,2.64,1.01
21/02/2020,0,0.05,0.25,2,32,26.2,2.67,0.95
22/02/2020,1,1.05,1.25,3,31,24.7,2.71,1.02
23/02/2020,0,1,1.25,3,31.5,25.2,2.67,1.01
24/02/2020,0,1,1.25,3,32.1,25.1,2.61,1.07
25/02/2020,0,0,1.05,2,31.5,24.2,2.55,1.12
26/02/2020,0,0,1.05,2,31.8,23.6,2.51,1.18
27/02/2020,0,0,1,1,31.6,23.4,2.34,1.3
28/02/2020,0,0,1,1,31.4,25.2,2.19,1.38
29/02/2020,0,0,0,0,32,26.5,2.17,1.4
01/03/2020,0,0,0,0,31.7,24.8,2.22,1.44
02/03/2020,0,0,0,0,31.6,24,2.31,1.48
03/03/2020,0,0,0,0,32.4,26.2,2.35,1.48
04/03/2020,0,0,0,0,31.5,23.8,2.37,1.22
05/03/2020,0,0,0,0,31.5,23.2,2.41,1.09
06/03/2020,0,0,0,0,32.1,24.5,2.57,0.97
07/03/2020,0,0,0,0,34.4,25.6,2.63,0.97
08/03/2020,0,0,0,0,32.7,25.4,2.74,0.9
09/03/2020,0,0,0,0,32.6,26.4,2.71,0.98
10/03/2020,0,0,0,0,32,24.5,2.55,1.05
11/03/2020,0,0,0,0,32,24.5,2.54,1.17
12/03/2020,0.05,0.05,0.05,1,32.4,26.5,2.4,1.19
13/03/2020,0,0.05,0.05,1,32.9,23.9,2.43,1.17
14/03/2020,0,0.05,0.05,1,32.4,23.7,2.73,1.18
15/03/2020,0,0,0.05,1,32,24,2.6,1.25
16/03/2020,0,0,0.05,1,33.4,23.6,2.52,1.27
17/03/2020,0,0,0.05,1,32,24.9,2.46,1.24
18/03/2020,0,0,0.05,1,32,24.8,2.4,1.22
19/03/2020,0,0,0,0,32.2,25.7,2.37,1.16
20/03/2020,0,0,0,0,32.5,24,2.43,1.11
21/03/2020,0,0,0,0,32.5,25.2,2.5,1.09
22/03/2020,0,0,0,0,32.5,24.8,2.53,1.11
23/03/2020,0,0,0,0,32.7,25.2,2.51,1.15
24/03/2020,0,0,0,0,32.8,25.3,2.49,1.22
25/03/2020,0,0,0,0,33,25.7,2.39,1.29
26/03/2020,0,0,0,0,32.6,25.7,2.32,1.3
27/03/2020,0,0,0,0,33,26.2,2.3,1.26
28/03/2020,0,0,0,0,33.5,26.1,2.36,1.26
29/03/2020,0,0,0,0,32.9,25.1,2.42,1.25
30/03/2020,0,0,0,0,33,25.6,2.46,1.24
31/03/2020,0,0,0,0,32.9,25.2,2.49,1.27
01/04/2020,0,0,0,0,33,25.4,2.46,1.28
02/04/2020,0,0,0,0,33.1,25.4,2.41,1.25
03/04/2020,0,0,0,0,33.5,26,2.43,1.14
04/04/2020,0,0,0,0,33.5,26.5,2.52,1.15
05/04/2020,0,0,0,0,34.1,27.3,2.53,1.06
06/04/2020,0,0,0,0,33.9,25.6,2.5,1.1
07/04/2020,0,0,0,0,33,24.1,2.48,1.14
08/04/2020,0,0,0,0,33.5,25.2,2.36,1.19
09/04/2020,0,0,0,0,33.4,24.5,2.4,1.06
10/04/2020,0,0,0,0,33,25.5,2.59,1.04
11/04/2020,0,0,0,0,33.7,26,2.7,1.04
12/04/2020,0,0,0,0,33.8,25.2,2.72,1.09
13/04/2020,0,0,0,0,33.5,25.2,2.73,1.16
14/04/2020,0,0,0,0,33.5,24.7,2.64,1.22
15/04/2020,0,0,0,0,33.4,24.9,2.48,1.22
16/04/2020,0,0,0,0,33.5,26.5,2.34,1.19
17/04/2020,0,0,0,0,33.5,26,2.24,1.2
18/04/2020,0,0,0,0,34.2,27.2,2.28,1.21
19/04/2020,0,0,0,0,34.2,25.9,2.34,1.25
20/04/2020,0.8,0.8,0.8,1,34.1,26.5,2.32,1.28
21/04/2020,0,0.8,0.8,1,34.4,27.2,2.31,1.33
22/04/2020,0,0.8,0.8,1,33,27.8,2.31,1.31
23/04/2020,0,0,0.8,1,34.5,25.9,2.39,1.23
24/04/2020,0,0,0.8,1,34.9,27,2.45,1.17
25/04/2020,0,0,0.8,1,34.5,27.3,2.6,1.12
26/04/2020,0,0,0.8,1,34.5,26.6,2.67,1.08
27/04/2020,0,0,0,0,34.5,26.5,2.73,1.07
28/04/2020,0,0,0,0,35.5,26.5,2.73,1.14
29/04/2020,0,0,0,0,34.5,26.8,2.68,1.15
30/04/2020,0,0,0,0,33.7,25.8,2.62,1.22
01/05/2020,0,0,0,0,34,27.6,2.51,1.22
02/05/2020,0.2,0.2,0.2,1,32.8,26,2.39,1.16
03/05/2020,0,0.2,0.2,1,34.2,25.9,2.33,1.16
04/05/2020,0.4,0.6,0.6,2,34,26.5,,
05/05/2020,20.8,21.2,21.4,3,34.4,26.8,,
06/05/2020,1.8,23,23.2,4,33.5,26.8,,
07/05/2020,0.05,22.65,23.25,5,33.5,27,,
08/05/2020,0,1.85,23.25,5,33.5,26.5,2.69,0.93
09/05/2020,0,0.05,23.05,4,34.9,27.2,2.87,0.91
10/05/2020,0,0,23.05,4,34.8,26.8,2.89,0.9
11/05/2020,0,0,22.65,3,34.5,27,2.88,0.96
12/05/2020,0,0,1.85,2,35.1,27,2.79,1.03
13/05/2020,0,0,0.05,1,34,26.6,2.61,1.12
14/05/2020,0,0,0,0,35,27.6,2.48,1.16
15/05/2020,0,0,0,0,35.5,27.2,2.33,1.19
16/05/2020,0,0,0,0,34.7,26.8,2.14,1.24
17/05/2020,6,6,6,1,34.2,27.9,2.1,1.29
18/05/2020,0,6,6,1,33.5,27.4,2.14,1.34
19/05/2020,0,6,6,1,35,27,2.21,1.39
20/05/2020,1.2,1.2,7.2,2,34.2,27,2.32,1.33
21/05/2020,0,1.2,7.2,2,34,27.1,2.44,1.18
22/05/2020,0,1.2,7.2,2,34.5,26.6,2.52,1.1
23/05/2020,21.3,21.3,28.5,3,34.8,26.6,2.63,1.02
24/05/2020,7.3,28.6,29.8,3,30.5,25.9,2.71,0.92
25/05/2020,0,28.6,29.8,3,33.5,27.3,2.76,0.94
26/05/2020,0,7.3,29.8,3,33.2,26.8,2.75,0.92
27/05/2020,0,0,28.6,2,34,26.4,2.71,0.95
28/05/2020,12.3,12.3,40.9,3,34.7,25.8,2.66,1.02
29/05/2020,0,12.3,40.9,3,33.5,26.9,2.55,1.08
30/05/2020,6.4,18.7,26,3,33.5,26.4,2.4,1.14
31/05/2020,0.1,6.5,18.8,3,32.4,25.8,2.2,1.13
01/06/2020,8.8,15.3,27.6,4,33.4,25.6,2.16,1.28
02/06/2020,4.1,13,31.7,5,29.8,25.5,2.19,1.32
03/06/2020,0.05,12.95,31.75,6,32.5,25.8,2.4,1.27
04/06/2020,0,4.15,19.45,5,32.8,25.8,2.65,1.12
05/06/2020,0,0.05,19.45,5,33.6,25.9,2.78,0.94
06/06/2020,0,0,13.05,4,33.8,26.5,2.89,0.89
07/06/2020,0,0,12.95,3,34,26.5,2.93,0.87
08/06/2020,0,0,4.15,2,34.6,26.4,2.94,0.89
09/06/2020,0,0,0.05,1,34.2,26,2.88,0.97
10/06/2020,1.3,1.3,1.3,1,33,25.5,2.79,1
11/06/2020,0.2,1.5,1.5,2,32.5,26.2,2.63,1.12
12/06/2020,0.05,1.55,1.55,3,31,25.4,2.49,1.2
13/06/2020,2.8,3.05,4.35,4,32,25.5,2.32,1.26
14/06/2020,15.7,18.55,20.05,5,29.9,25.3,2.07,1.29
15/06/2020,47.9,66.4,67.95,6,32.5,24.3,1.99,1.33
16/06/2020,0,63.6,67.95,6,33,26,2.16,1.45
17/06/2020,0.3,48.2,66.95,6,33.5,25.9,2.26,1.48
18/06/2020,0,0.3,66.75,5,33.5,25.5,2.4,1.27
19/06/2020,5,5.3,71.7,5,32.3,26.1,2.55,1.1
20/06/2020,1,6,69.9,5,32.2,25.7,2.68,0.98
21/06/2020,0.05,6.05,54.25,5,32.7,25,2.78,0.93
22/06/2020,0,1.05,6.35,4,33.5,25.8,2.86,0.87
23/06/2020,0,0.05,6.35,4,33,26.5,2.87,0.91
24/06/2020,0,0,6.05,3,32.5,25.9,2.86,0.93
25/06/2020,0,0,6.05,3,32.8,26,2.77,0.99
26/06/2020,49.5,49.5,50.55,3,31.6,25.6,2.67,1.06
27/06/2020,4.4,53.9,53.95,3,29.2,25.3,2.52,1.18
28/06/2020,2.7,56.6,56.6,3,31,25.5,2.3,1.26
29/06/2020,4.6,11.7,61.2,4,32.5,25.4,2.07,1.26
30/06/2020,5.4,12.7,66.6,5,28.7,24.7,2.15,1.36
01/07/2020,1,11,67.6,6,31.9,26.5,2.34,1.35
02/07/2020,1,7.4,68.6,7,32,24.2,2.5,1.14
03/07/2020,0.8,2.8,19.9,7,33.5,25.6,2.77,1.03
04/07/2020,1.8,3.6,17.3,7,31,25,2.88,0.9
05/07/2020,7.7,10.3,22.3,7,30.6,25.1,2.93,0.85
06/07/2020,0.05,9.55,17.75,7,32.2,25.5,2.92,0.85
07/07/2020,0.05,7.8,12.4,7,32.5,25.6,2.92,0.93
08/07/2020,8.8,8.9,20.2,7,32.6,25.5,2.81,0.97
09/07/2020,1.1,9.95,20.3,7,31,25,2.74,1.09
10/07/2020,0,9.9,19.5,6,32.5,25.4,2.59,1.14
11/07/2020,0.4,1.5,18.1,6,32.8,25.9,2.43,1.25
12/07/2020,1.8,2.2,12.2,6,31.1,24.2,2.25,1.35
13/07/2020,0,2.2,12.15,5,31.6,25.5,2.07,1.45
14/07/2020,0.05,1.85,12.15,5,32,25.1,2.03,1.55
15/07/2020,0,0.05,3.35,4,32.4,25.4,2.14,1.57
16/07/2020,0,0.05,2.25,3,32.6,26.2,2.25,1.39
17/07/2020,6.8,6.8,9.05,4,30.6,25.4,2.37,1.18
18/07/2020,0,6.8,8.65,3,33.4,25.5,2.55,1.05
19/07/2020,7,13.8,13.85,3,34.2,25.6,2.73,0.95
20/07/2020,11.3,18.3,25.15,4,31.4,25.7,2.8,0.85
21/07/2020,18.5,36.8,43.6,4,31.5,25,2.91,0.85
22/07/2020,0.3,30.1,43.9,5,32.8,25.9,2.96,0.89
23/07/2020,0.5,19.3,44.4,6,32.6,25.5,2.86,0.95
24/07/2020,10.2,11,47.8,6,32.7,25.3,2.75,1.05
25/07/2020,60.2,70.9,108,7,28.5,24,2.6,1.18
26/07/2020,0,70.4,101,6,31.4,25.1,2.4,1.3
27/07/2020,0,60.2,89.7,5,32.3,25.4,2.16,1.42
28/07/2020,0,0,71.2,4,32.4,25.3,,
29/07/2020,17.3,17.3,88.2,4,30.3,24.9,,
30/07/2020,3,20.3,90.7,4,32,25.3,,
31/07/2020,6.4,26.7,86.9,4,31,26,,
01/08/2020,6.3,15.7,33,4,31,25.7,,
02/08/2020,3.3,16,36.3,5,30.4,25.4,,
03/08/2020,0,9.6,36.3,5,31.7,25.4,,
04/08/2020,0,3.3,36.3,5,32.5,25.6,,
05/08/2020,3.8,3.8,22.8,5,34,26,,
06/08/2020,17,20.8,36.8,5,29.4,25.3,2.8,1.18
07/08/2020,2,22.8,32.4,5,30,25.2,2.65,1.22
08/08/2020,1.6,20.6,27.7,5,29.5,26.2,2.52,1.35
09/08/2020,1.5,5.1,25.9,5,29,25.4,2.35,1.38
10/08/2020,2.2,5.3,28.1,6,30.5,25.4,2.18,1.5
11/08/2020,0,3.7,28.1,6,32,25,2.19,1.55
12/08/2020,0,2.2,24.3,5,31.6,25.3,2.17,1.63
13/08/2020,4.6,4.6,11.9,5,32,24.7,2.25,1.6
14/08/2020,1.2,5.8,11.1,5,30,24.7,2.31,1.4
15/08/2020,0.2,6,9.7,5,31.4,25.7,2.4,1.22
16/08/2020,3,4.4,11.2,5,32.4,25,2.57,1.06
17/08/2020,7.7,10.9,16.7,5,31.7,25.2,2.73,0.98
18/08/2020,19.1,29.8,35.8,6,31.5,24.5,2.8,0.98
19/08/2020,0.8,27.6,36.6,7,31.5,25.5,2.9,1.01
20/08/2020,0,19.9,32,6,31,25.8,2.9,1.09
21/08/2020,0.4,1.2,31.2,6,32,25.2,2.8,1.18
22/08/2020,0,0.4,31,5,32.2,26.3,2.66,1.31
23/08/2020,0.05,0.45,28.05,5,32.5,26,2.44,1.39
24/08/2020,0.05,0.1,20.4,5,32.4,25.2,2.2,1.5
25/08/2020,0,0.1,1.3,4,32.5,25.6,2.3,1.52
26/08/2020,0,0.05,0.5,3,32.3,24.9,2.38,1.51
27/08/2020,0,0,0.5,3,33.1,25.3,2.46,1.41
28/08/2020,0,0,0.1,2,32.5,25.6,2.45,1.26
29/08/2020,0.05,0.05,0.15,3,32.4,25.4,2.52,1.15
30/08/2020,0,0.05,0.1,2,32.6,25.8,2.62,1.11
31/08/2020,0,0.05,0.05,1,32.7,25.5,2.71,1.11
01/09/2020,0,0,0.05,1,31.7,25.8,2.74,1.16
02/09/2020,3.2,3.2,3.25,2,33,24.8,2.76,1.21
03/09/2020,0.05,3.25,3.3,3,33.2,26,2.7,1.24
04/09/2020,0,3.25,3.3,3,33,25.8,2.59,1.3
05/09/2020,0,0.05,3.25,2,33.3,26.2,2.47,1.33
06/09/2020,0,0,3.25,2,34,25.7,2.37,1.42
07/09/2020,0,0,3.25,2,33.2,25.8,2.22,1.47
08/09/2020,1.1,1.1,4.35,3,33.3,25.6,2.26,1.45
09/09/2020,0.05,1.15,1.2,3,31.8,26.4,2.34,1.46
10/09/2020,1.5,2.65,2.65,3,32.5,25.5,2.38,1.49
11/09/2020,0,1.55,2.65,3,33.5,25.8,2.39,1.5
12/09/2020,0.05,1.55,2.7,4,33,26.1,2.41,1.32
13/09/2020,0,0.05,2.7,4,33.6,25,2.4,1.18
14/09/2020,0,0.05,2.7,4,33.8,26.3,2.53,1.11
15/09/2020,1.5,1.5,3.1,4,35.2,26.1,2.66,1.06
16/09/2020,57.7,59.2,60.75,4,31.5,24.7,2.74,1.07
17/09/2020,5.8,65,65.05,4,28.9,24.5,2.76,1.14
18/09/2020,49.9,113.4,114.95,5,30.7,24.4,2.72,1.25
19/09/2020,16.3,72,131.2,5,30,24.6,2.59,1.37
20/09/2020,0,66.2,131.2,5,32.5,24.8,2.42,1.33
21/09/2020,0,16.3,131.2,5,33,25.9,2.47,1.28
22/09/2020,0.2,0.2,129.9,5,31.9,26.1,2.6,1.28
23/09/2020,33.5,33.7,105.7,5,31.6,23.9,2.62,1.33
24/09/2020,1.5,35.2,101.4,5,32.2,24.7,2.68,1.38
25/09/2020,5.6,40.6,57.1,5,31.5,24.7,,
26/09/2020,1.9,9,42.7,5,31.7,24.7,,
27/09/2020,0.2,7.7,42.9,6,32.1,25.9,,
28/09/2020,7.4,9.5,50.3,7,32.5,25,,
29/09/2020,0.1,7.7,50.2,7,31.5,25,,
30/09/2020,0.05,7.55,16.75,7,30.7,25.4,,
01/10/2020,0.6,0.75,15.85,7,33,25.6,,
02/10/2020,0,0.65,10.25,6,32.1,25.4,,
03/10/2020,0,0.6,8.35,5,32.4,25.4,,
04/10/2020,0.8,0.8,8.95,5,33.1,25.4,,
05/10/2020,0,0.8,1.55,4,33,26.1,,
06/10/2020,0,0.8,1.45,3,32.2,26,,
07/10/2020,1.2,1.2,2.6,3,31,25.5,,
08/10/2020,0.6,1.8,2.6,3,31.5,25.3,,
09/10/2020,0.05,1.85,2.65,4,31.5,24.9,,
10/10/2020,1.4,2.05,4.05,5,31.5,24.8,,
11/10/2020,12,13.45,15.25,5,31.8,24.5,,
12/10/2020,23.4,36.8,38.65,6,32.5,24.6,,
13/10/2020,27.8,63.2,66.45,7,31.6,24.4,,
14/10/2020,3.4,54.6,68.65,7,30.6,24.4,,
15/10/2020,19.8,51,87.85,7,32,24.5,,
16/10/2020,17.6,40.8,105.4,7,30.6,24.1,,
17/10/2020,10.3,47.7,114.3,7,31,24.2,,
18/10/2020,0.05,27.95,102.35,7,31.7,25.2,,
19/10/2020,0.05,10.4,79,7,32.8,25.3,,
20/10/2020,0.05,0.15,51.25,7,31.5,25.4,,
21/10/2020,3.9,4,51.75,7,30.3,24.8,,
22/10/2020,3.2,7.15,35.15,7,30.8,24.8,,
23/10/2020,0.2,7.3,17.75,7,31.3,25.3,,
24/10/2020,15.3,18.7,22.75,7,31.6,25,,
25/10/2020,3.4,18.9,26.1,7,31.8,24.4,,
26/10/2020,23.8,42.5,49.85,7,30.5,24.5,,
27/10/2020,32.8,60,82.6,7,28.5,24,,
28/10/2020,15.4,72,94.1,7,27,24.2,,
29/10/2020,1,49.2,91.9,7,31,25.4,,
30/10/2020,0,16.4,91.7,6,34,26.5,,
31/10/2020,0.3,1.3,76.7,6,32.5,25.9,,
01/11/2020,0,0.3,73.3,5,34,24.8,,
02/11/2020,0,0.3,49.5,4,32,25.5,,
03/11/2020,29.8,29.8,46.5,4,32.3,24.2,2.66,1.24
04/11/2020,0.1,29.9,31.2,4,31,25,2.71,1.21
05/11/2020,8.7,38.6,38.9,4,30.6,25.2,2.77,1.2
06/11/2020,0.2,9,39.1,5,30.8,25.4,2.79,1.21
07/11/2020,4,12.9,42.8,5,31.6,24.1,2.77,1.23
08/11/2020,3.8,8,46.6,6,33,24.2,2.76,1.27
09/11/2020,0.2,8,46.8,7,30.1,24.2,2.64,1.29
10/11/2020,2.9,6.9,19.9,7,31,25,2.56,1.33
11/11/2020,14.6,17.7,34.4,7,31.4,24.4,2.4,1.29
12/11/2020,0,17.5,25.7,6,33.5,26.2,2.35,1.34
13/11/2020,0.2,14.8,25.7,6,32,24.7,2.38,1.42
14/11/2020,0.05,0.25,21.75,6,31.9,25.6,2.58,1.51
15/11/2020,0,0.25,17.95,5,32.2,25.9,2.77,1.31
16/11/2020,0,0.05,17.75,4,32.9,25.7,2.92,1.14
17/11/2020,0,0,14.85,3,33,26.6,2.95,1.06
18/11/2020,7.2,7.2,7.45,3,31,26.2,3.06,1.05
19/11/2020,17,24.2,24.45,4,32,25,3.07,0.98
20/11/2020,0,24.2,24.25,3,32,25.7,2.98,1.07
21/11/2020,0.2,17.2,24.4,3,31.8,25.4,2.92,1.14
22/11/2020,0,0.2,24.4,3,32.5,26,2.76,1.23
23/11/2020,0,0.2,24.4,3,31.5,24.2,2.57,1.28
24/11/2020,0,0,24.4,3,32.5,26,2.38,1.36
25/11/2020,0,0,17.2,2,32.6,27.1,2.2,1.43
26/11/2020,0,0,0.2,1,32.5,24.7,2.24,1.49
27/11/2020,0,0,0.2,1,32.2,25.1,2.36,1.54
28/11/2020,29.2,29.2,29.2,1,32.5,24.4,2.49,1.58
29/11/2020,0.5,29.7,29.7,2,31.5,25.1,2.6,1.42
30/11/2020,0,29.7,29.7,2,31.5,24.7,2.68,1.29
01/12/2020,0,0.5,29.7,2,32.5,24.8,2.79,1.13
02/12/2020,0,0,29.7,2,34,26.2,2.81,1.04
03/12/2020,0,0,29.7,2,33,26.5,,
04/12/2020,8.1,8.1,37.8,3,32.7,25.2,,
05/12/2020,6.1,14.2,14.7,3,31.2,25.2,2.84,1.07
06/12/2020,0,14.2,14.2,2,31.6,25.2,2.74,1.11
07/12/2020,0.05,6.15,14.25,3,31.5,25.7,2.67,1.18
08/12/2020,19.4,19.45,33.65,4,31.8,24.8,2.49,1.24
09/12/2020,6.6,26.05,40.25,5,31.7,26.4,2.3,1.38
10/12/2020,8,34,48.25,6,31.7,25.2,2.34,1.47
11/12/2020,0,14.6,40.15,5,32,25.6,2.5,1.57
12/12/2020,6.3,14.3,40.35,5,31.8,25.2,2.7,1.45
13/12/2020,0,6.3,40.35,5,31.5,25.4,2.91,1.22
14/12/2020,0.05,6.35,40.35,5,32.3,25.2,3.02,1.04
15/12/2020,0.05,0.1,21,5,32.4,25.3,3.08,0.95
16/12/2020,0,0.1,14.4,4,31.7,25.2,3.11,0.93
17/12/2020,0,0.05,6.4,3,32,25.6,3.07,0.95
18/12/2020,0,0,6.4,3,32,24.6,3.01,1
19/12/2020,19.9,19.9,20,3,31.6,24.5,2.91,1.1
20/12/2020,22.1,42,42.1,4,29.6,24.8,2.8,1.18
21/12/2020,36,78,78.05,4,31.8,25.6,2.55,1.24
22/12/2020,15.5,73.6,93.5,4,28,25.5,2.38,1.36
23/12/2020,0.1,51.6,93.6,5,31.8,26.9,2.19,1.46
24/12/2020,8.3,23.9,101.9,6,31,25.2,2.3,1.56
25/12/2020,0,8.4,101.9,6,33.2,23.4,2.45,1.67
26/12/2020,0.4,8.7,82.4,6,32.2,25.7,2.54,1.58
27/12/2020,26,26.4,86.3,6,30.2,24.5,2.69,1.36
28/12/2020,13.1,39.5,63.4,6,29.6,23.8,2.21,1.25
29/12/2020,2.1,41.2,50,6,30.7,25,,
30/12/2020,0.05,15.25,49.95,6,31.3,25.4,,
31/12/2020,17.6,19.75,59.25,6,31.7,25,,
01/01/2021,26.8,44.45,86.05,7,28.2,25,2.96,0.97
02/01/2021,0.05,44.45,85.7,7,29.4,24.1,2.9,0.97
03/01/2021,0,26.85,59.7,6,31.2,25,2.86,1
04/01/2021,100.3,100.35,146.9,6,31.4,23.6,2.78,1.09
05/01/2021,0,100.3,144.8,5,31,24.5,2.62,1.21
06/01/2021,0,100.3,144.75,4,31.5,23.6,2.4,1.29
07/01/2021,0,0,127.15,3,32.4,24.1,2.25,1.45
08/01/2021,0,0,100.35,2,31.5,25.5,2.37,1.59
09/01/2021,0.05,0.05,100.35,2,30.8,25.8,2.56,1.51
10/01/2021,0,0.05,100.35,2,31.5,26.6,2.75,1.36
11/01/2021,0,0.05,0.05,1,30.9,26.8,2.87,1.16
12/01/2021,0,0,0.05,1,30.5,25.6,2.94,0.96
13/01/2021,10.5,10.5,10.55,2,31.5,25.6,3.05,0.87
14/01/2021,0,10.5,10.55,2,30.5,24.1,2.99,0.9
15/01/2021,0,10.5,10.55,2,31.4,25.4,2.97,0.86
16/01/2021,0,0,10.5,1,29.6,25,2.93,1.07
17/01/2021,2.4,2.4,12.9,2,30.5,24.3,2.87,1.15
18/01/2021,4.4,6.8,17.3,3,31.3,24.8,2.77,1.26
19/01/2021,0.05,6.85,17.35,4,30.5,24.8,2.58,1.32
20/01/2021,0.05,4.5,6.9,4,31.2,25.6,2.33,1.39
21/01/2021,0.6,0.7,7.5,5,30.3,26.6,2.31,1.55
22/01/2021,23.2,23.85,30.7,6,29,24.6,2.34,1.61
23/01/2021,0.05,23.85,30.75,7,29.5,24.2,2.36,1.62
24/01/2021,0.2,23.45,28.55,7,30.6,23.8,,
25/01/2021,0,0.25,24.15,6,31,24,,
26/01/2021,0,0.2,24.1,5,31.4,24,,
27/01/2021,0,0,24.05,4,31.5,22,,
28/01/2021,0,0,23.45,3,32.1,24.5,,
29/01/2021,1.8,1.8,2.05,3,31.5,26.1,3.03,1.04
30/01/2021,0,1.8,2,2,31.2,24.9,2.99,1.03
31/01/2021,0,1.8,1.8,1,31.5,25.6,2.86,1.11
01/02/2021,0,0,1.8,1,30.9,23.1,2.86,1.17
02/02/2021,0,0,1.8,1,31.6,24,2.7,1.28
03/02/2021,0.05,0.05,1.85,2,32,25.3,2.52,1.41
04/02/2021,0,0.05,1.85,2,31.6,26.6,2.34,1.52
05/02/2021,0.2,0.25,0.25,2,32,23.9,,
06/02/2021,1.4,1.6,1.65,3,31.4,25.2,,
07/02/2021,0,1.6,1.65,3,31.7,25,,
08/02/2021,0.9,2.3,2.55,4,31.6,26,,
09/02/2021,0,0.9,2.55,4,30.5,26.4,,
10/02/2021,0.05,0.95,2.55,4,32,25,,
11/02/2021,9,9.05,11.55,5,30.9,23.8,2.96,1.01
12/02/2021,0,9.05,11.35,4,31.2,24.3,2.95,1.04
13/02/2021,43.2,52.2,53.15,4,31,24.8,2.88,1.13
14/02/2021,0.2,43.4,53.35,5,30.3,24.9,2.88,1.16
15/02/2021,0,43.4,52.45,4,30.1,23.6,2.76,1.26
16/02/2021,0,0.2,52.45,4,31.6,24.3,2.58,1.38
17/02/2021,1.2,1.2,53.6,4,32,24,2.46,1.48
18/02/2021,0,1.2,44.6,3,32.7,23.9,2.25,1.51
19/02/2021,0,1.2,44.6,3,32.5,23,2.37,1.55
20/02/2021,0,0,1.4,2,31.4,24.6,2.37,1.64
21/02/2021,0,0,1.2,1,31,22.2,2.41,1.63
22/02/2021,0,0,1.2,1,30.8,24,2.44,1.44
23/02/2021,0.1,0.1,1.3,2,29.6,25,2.54,1.27
24/02/2021,0.6,0.7,0.7,2,31.5,25.5,2.64,1.19
25/02/2021,0.05,0.75,0.75,3,31.5,25.2,,
26/02/2021,3.3,3.95,4.05,4,31.5,25.2,,
27/02/2021,58,61.35,62.05,5,31.3,24.6,,
28/02/2021,8,69.3,70.05,6,31,24.6,,
01/03/2021,0.4,66.4,70.45,7,31.5,25.1,,
02/03/2021,43.2,51.6,113.55,7,31.5,22.1,,
03/03/2021,0,43.6,112.95,6,31.8,24,,
04/03/2021,0,43.2,112.9,5,31.6,23.5,1.74,1.74
05/03/2021,0,0,109.6,4,31.9,26.5,2.58,1.44
06/03/2021,0,0,51.6,3,31.9,26.5,2.57,1.45
07/03/2021,0,0,43.6,2,31.6,24.3,2.57,1.46
08/03/2021,0,0,43.2,1,31.8,24.3,2.55,1.32
09/03/2021,0,0,0,0,32.3,25.4,2.57,1.22
10/03/2021,0,0,0,0,31.5,24.9,2.69,1.07
11/03/2021,0,0,0,0,31.4,24,2.73,1.09
12/03/2021,0,0,0,0,32.3,25.8,2.73,1.12
13/03/2021,4.3,4.3,4.3,1,28.8,24.9,2.67,1.17
14/03/2021,11.5,15.8,15.8,2,27.9,24.2,2.63,1.25
15/03/2021,36.7,52.5,52.5,3,30.6,23.7,2.57,1.38
16/03/2021,2.2,50.4,54.7,4,31,23.8,2.49,1.34
17/03/2021,0.05,38.95,54.75,5,30.9,24.9,2.36,1.34
18/03/2021,0,2.25,54.75,5,31.5,24.6,2.42,1.32
19/03/2021,0,0.05,54.75,5,32,25.1,2.5,1.37
20/03/2021,0,0,50.45,4,32.9,25.3,2.52,1.43
21/03/2021,0,0,38.95,3,32.1,25.4,2.49,1.47
22/03/2021,0.05,0.05,2.3,3,33,26.7,2.43,1.49
23/03/2021,0,0.05,0.1,2,32.5,27.7,2.4,1.39
24/03/2021,0,0.05,0.05,1,32.5,25.5,2.39,1.24
25/03/2021,0,0,0.05,1,32.3,25.8,2.49,1.15
26/03/2021,0,0,0.05,1,31.9,27.3,2.62,1.08
27/03/2021,0,0,0.05,1,32.5,25.4,2.66,1.13
28/03/2021,0,0,0.05,1,32.1,24.8,2.65,1.15
29/03/2021,0.05,0.05,0.05,1,32.9,25,,
30/03/2021,0,0.05,0.05,1,32.5,25.5,,
31/03/2021,0,0.05,0.05,1,33.3,25,,
01/04/2021,0,0,0.05,1,33.1,26.3,2.41,1.14
02/04/2021,6,6,6.05,2,31.5,25.3,2.7,1.18
03/04/2021,0.1,6.1,6.15,3,32.8,25.6,2.73,1.2
04/04/2021,0,6.1,6.15,3,32.6,25.6,2.65,1.28
05/04/2021,0,0.1,6.1,2,32.7,24.4,2.51,1.29
06/04/2021,0,0,6.1,2,33.1,25.6,2.4,1.16
07/04/2021,0.2,0.2,6.3,3,32.5,26.2,2.41,1.13
08/04/2021,0,0.2,6.3,3,32.8,25,2.44,1.12
09/04/2021,0.2,0.4,0.5,3,32.5,26,2.41,1.16
10/04/2021,1.3,1.5,1.7,3,32.2,26.2,2.41,1.19
11/04/2021,53.6,55.1,55.3,4,32.6,24.7,2.35,1.29
12/04/2021,4.8,59.7,60.1,5,32.2,25.5,2.32,1.25
13/04/2021,0.5,58.9,60.6,6,32.9,24.4,2.4,1.15
14/04/2021,0,5.3,60.4,5,32.5,25.2,2.47,1.13
15/04/2021,0,0.5,60.4,5,33.8,25.2,2.56,1.12
16/04/2021,2.4,2.4,62.6,5,30.7,24.7,2.62,1.11
17/04/2021,9.1,11.5,70.4,5,32.4,24.4,2.65,1.17
18/04/2021,1.2,12.7,18,5,32.9,25.6,2.64,1.2
19/04/2021,0,10.3,13.2,4,32.2,24.6,2.59,1.25
20/04/2021,0,1.2,12.7,3,33.5,26.2,2.51,1.28
21/04/2021,0.8,0.8,13.5,4,33,25.6,2.41,1.2
22/04/2021,0.05,0.85,13.55,5,33.7,25.3,2.35,1.18
23/04/2021,0.2,1.05,11.35,5,32.5,25.4,2.36,1.14
24/04/2021,0,0.25,2.25,4,32.8,26,2.38,1.15
25/04/2021,0.05,0.25,1.1,4,32,24.8,2.44,1.19
26/04/2021,9.7,9.75,10.8,5,32.5,25.1,2.39,1.22
27/04/2021,0.05,9.8,10.85,6,32.7,24.8,2.55,1.06
28/04/2021,0,9.75,10.05,5,31.9,25.5,2.72,0.92
29/04/2021,0.05,0.1,10.05,5,32.2,25.1,2.91,0.91
30/04/2021,0,0.05,9.85,4,32.5,25.6,2.99,0.9
01/05/2021,0,0.05,9.85,4,32.2,25,2.99,0.96
02/05/2021,0,0,9.8,3,32.6,26,2.78,0.97
03/05/2021,0.2,0.2,0.3,3,33.4,27,2.64,1.06
04/05/2021,0.05,0.25,0.3,3,33,27.4,2.47,1.08
05/05/2021,0.6,0.85,0.9,4,33.4,28.8,2.28,1.12
06/05/2021,0.05,0.7,0.9,4,33.1,27.3,1.25,1.18
07/05/2021,0,0.65,0.9,4,34,27,,
08/05/2021,0,0.05,0.9,4,33.6,27.4,,
09/05/2021,2.6,2.6,3.5,5,33.5,25.8,2.24,1.38
10/05/2021,20.9,23.5,24.2,5,33,24.5,2.4,1.27
11/05/2021,30.6,54.1,54.75,5,32,24.8,2.41,1.15
12/05/2021,14.3,65.8,68.45,5,29,24.8,2.47,1.08
13/05/2021,0.1,45,68.5,5,29.5,25.8,2.49,1.05
14/05/2021,42.4,56.8,110.9,6,30,25.2,2.6,1.01
15/05/2021,47.6,90.1,158.5,7,32.4,25.7,2.68,0.97
16/05/2021,13.4,103.4,169.3,7,31,24.8,2.69,1.02
17/05/2021,0,61,148.4,6,32.6,26.3,2.71,1.07
18/05/2021,0.05,13.45,117.85,6,33,26,2.61,1.11
19/05/2021,4.7,4.75,108.25,6,33,26.6,2.51,1.17
20/05/2021,19.5,24.25,127.65,6,30.3,25.5,2.38,1.17
21/05/2021,27.6,51.8,112.85,6,27.8,24.5,2.24,1.45
22/05/2021,0.8,47.9,66.05,6,31.4,26.5,2.22,1.38
23/05/2021,7,35.4,59.65,6,32,25.8,2.2,1.34
24/05/2021,16.8,24.6,76.45,7,32,25.7,2.38,1.28
25/05/2021,0,23.8,76.4,6,32.5,26,2.58,1.09
26/05/2021,0,16.8,71.7,5,32.5,26,2.75,0.94
27/05/2021,0,0,52.2,4,32.7,26,2.89,0.8
28/05/2021,0.8,0.8,25.4,4,32.5,26,2.98,0.75
29/05/2021,0,0.8,24.6,3,33,26.1,3,0.84
30/05/2021,0,0.8,17.6,2,32.5,26.7,2.93,0.89
31/05/2021,0,0,0.8,1,34.6,26.5,2.8,0.98
01/06/2021,0,0,0.8,1,33.2,26,2.62,1.14
02/06/2021,0,0,0.8,1,32.5,26.7,2.4,1.2
03/06/2021,0.3,0.3,1.1,2,31.2,25.9,2.19,1.21
04/06/2021,0,0.3,0.3,1,32.7,26,2.06,1.28
05/06/2021,0.05,0.35,0.35,2,32.8,26.4,2.17,1.35
06/06/2021,3.8,3.85,4.15,3,33.1,26.3,2.25,1.43
07/06/2021,3.4,7.25,7.55,4,31.7,25.8,2.34,1.27
08/06/2021,26.1,33.3,33.65,5,31.5,24.2,2.35,1.17
09/06/2021,23.3,52.8,56.95,6,30.8,24.2,2.35,1.05
10/06/2021,0.1,49.5,56.75,6,28.9,24.5,2.42,0.99
11/06/2021,8.5,31.9,65.25,7,31.6,25.3,2.5,0.96
12/06/2021,15.6,24.2,80.8,7,31.2,24.3,2.64,0.93
13/06/2021,2.4,26.5,79.4,7,31.2,24.8,2.73,0.93
14/06/2021,0.6,18.6,76.6,7,29.5,24.6,2.72,0.99
15/06/2021,0,3,50.5,6,31.8,24.3,2.67,1.06
16/06/2021,3.4,4,30.6,6,32.2,25.6,2.61,1.12
17/06/2021,0.05,3.45,30.55,6,32,25.6,2.5,1.21
18/06/2021,0,3.45,22.05,5,32,25.2,2.33,1.3
19/06/2021,0,0.05,6.45,4,32.6,25.4,2.1,1.29
20/06/2021,0,0,4.05,3,31.4,25.3,2.16,1.37
21/06/2021,0.05,0.05,3.5,3,31.8,25.6,2.33,1.45
22/06/2021,0.05,0.1,3.55,4,31.2,25.1,2.53,1.2
23/06/2021,0,0.1,0.15,3,30.5,25,2.7,1.01
24/06/2021,0,0.05,0.1,2,31.5,24.9,2.87,0.86
25/06/2021,0,0,0.1,2,32.2,24.8,3.01,0.8
26/06/2021,0,0,0.1,2,32.2,25.4,3.09,0.8
27/06/2021,0,0,0.1,2,32.6,25,3.02,0.86
28/06/2021,0,0,0.05,1,31.6,26,2.92,0.93
29/06/2021,0.05,0.05,0.05,1,31.5,24.7,2.75,1.04
30/06/2021,0,0.05,0.05,1,32.8,25.2,2.59,1.16
01/07/2021,0,0.05,0.05,1,32.8,25.5,2.4,1.28
02/07/2021,0,0,0.05,1,33.3,26,2.16,1.38
03/07/2021,0.05,0.05,0.1,2,32.5,25.6,2.12,1.47
04/07/2021,2.1,2.15,2.2,3,32.3,24.4,2.25,1.57
05/07/2021,6.4,8.55,8.6,4,30.6,24,2.34,1.5
06/07/2021,32.1,40.6,40.65,4,32.2,24.6,2.38,1.29
07/07/2021,0.6,39.1,41.25,5,28.7,24.8,2.33,1.13
08/07/2021,2.6,35.3,43.85,6,32.5,24.3,2.36,1.02
09/07/2021,1.4,4.6,45.25,7,32.5,24.1,2.6,0.98
10/07/2021,18,22,63.2,7,32.3,24.8,2.67,0.93
11/07/2021,11.2,30.6,72.3,7,31.6,25.6,2.78,0.95
12/07/2021,0,29.2,65.9,6,32,24.6,2.85,0.99
13/07/2021,0,11.2,33.8,5,32.5,25.3,2.81,1.07
14/07/2021,5.8,5.8,39,5,31.4,25.3,2.77,1.16
15/07/2021,0.3,6.1,36.7,5,32.5,25,2.63,1.21
16/07/2021,4.1,10.2,39.4,5,31.5,25.2,2.42,1.37
17/07/2021,0.3,4.7,21.7,5,31,25.6,2.24,1.47
18/07/2021,1.2,5.6,11.7,5,30.3,25,2.21,1.59
19/07/2021,1.4,2.9,13.1,6,32.6,25,2.35,1.62
20/07/2021,0.05,2.65,13.15,7,32.2,26.1,2.5,1.37
21/07/2021,0.05,1.5,7.4,7,33.5,25.9,2.66,1.17
22/07/2021,0,0.1,7.1,6,34.5,25,2.83,1.01
23/07/2021,17,17.05,20,6,32.7,24.8,2.97,0.92
24/07/2021,0.5,17.5,20.2,6,33.1,25.7,3.03,0.92
25/07/2021,7.5,25,26.5,6,32,24,3.03,0.99
26/07/2021,0,8,25.1,5,32.6,24.8,3,1.07
27/07/2021,0,7.5,25.05,4,34.3,25.6,2.88,1.16
28/07/2021,0,0,25,3,33.4,26.5,2.72,1.29
29/07/2021,0.05,0.05,25.05,4,33,25.5,2.58,1.45
30/07/2021,5.6,5.65,13.65,4,32.4,25.3,2.37,1.51
31/07/2021,0,5.65,13.15,3,32.3,25.6,2.21,1.62
01/08/2021,0,5.6,5.65,2,32.4,25.3,2.31,1.68
02/08/2021,0,0,5.65,2,33.3,25.5,2.32,1.67
03/08/2021,2,2,7.65,3,32.8,25.8,2.36,1.51
04/08/2021,0.05,2.05,7.7,4,32,25.4,2.37,1.35
05/08/2021,0,2.05,7.65,3,33.5,24.8,2.36,1.21
06/08/2021,0,0.05,2.05,2,32.7,25.4,2.48,1.13
07/08/2021,6,6,8.05,3,32.5,25,2.58,1.1
08/08/2021,0,6,8.05,3,33.2,25.6,2.7,1.1
09/08/2021,0.05,6.05,8.1,4,32.7,25.8,2.86,1.13
10/08/2021,0.8,0.85,6.9,4,32.3,25.6,2.88,1.18
11/08/2021,1.2,2.05,8.05,4,31.5,24.2,2.79,1.3
12/08/2021,0,2,8.05,4,32.5,25,2.67,1.4
13/08/2021,0,1.2,8.05,4,32.5,25,2.49,1.5
14/08/2021,0,0,2.05,3,32.6,26,2.27,1.59
15/08/2021,2.4,2.4,4.45,4,33.2,25.2,2.31,1.68
16/08/2021,0,2.4,4.4,3,32.4,25.8,2.42,1.64
17/08/2021,0.4,2.8,4,3,33.5,25.7,2.5,1.46
18/08/2021,0,0.4,2.8,2,33.6,26,2.58,1.24
19/08/2021,4.3,4.7,7.1,3,30.8,25,2.69,1.1
20/08/2021,18.6,22.9,25.7,4,33,24.8,2.81,1.03
21/08/2021,0,22.9,25.7,4,33.5,25.2,2.9,1.02
22/08/2021,39.6,58.2,62.9,4,33.3,25,2.92,1.06
23/08/2021,7.6,47.2,70.5,5,32.1,24.7,2.9,1.16
24/08/2021,3.8,51,73.9,5,31.2,25.5,2.85,1.23
25/08/2021,0.6,12,74.5,6,29.6,24.6,2.74,1.35
26/08/2021,3,7.4,73.2,6,32.3,24.3,2.57,1.41
27/08/2021,0,3.6,54.6,5,32.5,24.8,2.37,1.49
28/08/2021,2.2,5.2,56.8,6,31,26,2.3,1.56
29/08/2021,32.8,35,50,6,31.6,24.4,2.36,1.6
30/08/2021,9.9,44.9,52.3,6,28.6,23.8,2.38,1.66
31/08/2021,0,42.7,48.5,5,31.2,25.2,2.34,1.57
01/09/2021,0,9.9,47.9,4,32.3,25.3,2.36,1.43
02/09/2021,0,0,44.9,3,33.3,25.7,2.44,1.29
03/09/2021,4.4,4.4,49.3,4,31.8,25.6,2.51,1.2
04/09/2021,0,4.4,47.1,3,32.5,25,2.59,1.12
05/09/2021,1.2,5.6,15.5,3,30.6,24.3,2.74,1.09
06/09/2021,0.05,1.25,5.65,3,32.5,24.8,2.79,1.17
07/09/2021,2,3.25,7.65,4,31.8,25,2.84,1.28
08/09/2021,1.2,3.25,8.85,5,31.7,24.6,2.8,1.33
09/09/2021,0.4,3.6,9.25,6,32.6,26,2.68,1.46
10/09/2021,10.2,11.8,15.05,6,31.5,24,2.49,1.52
11/09/2021,0.2,10.8,15.25,7,31,24.4,2.42,1.51
12/09/2021,14.4,24.8,28.45,7,32,24.8,2.56,1.56
13/09/2021,18.4,33,46.8,7,32,25.2,2.66,1.53
14/09/2021,0.4,33.2,45.2,7,30,24.6,2.69,1.5
15/09/2021,0.1,18.9,44.1,7,31.4,24.4,2.66,1.35
16/09/2021,0.05,0.55,43.75,7,32,25.2,2.6,1.24
17/09/2021,0.05,0.2,33.6,7,32.5,25.5,2.6,1.18
18/09/2021,3.7,3.8,37.1,7,31.2,24.2,2.69,1.15
19/09/2021,0,3.75,22.7,6,31.2,24.5,2.78,1.23
20/09/2021,0,3.7,4.3,5,32.1,25,2.76,1.24
21/09/2021,4.9,4.9,8.8,5,31.8,25.2,2.71,1.34
22/09/2021,6.2,11.1,14.9,5,30,24.1,2.67,1.46
23/09/2021,23.7,34.8,38.55,5,30.5,23.6,2.51,1.45
24/09/2021,0,29.9,38.5,4,32.5,24,2.47,1.44
25/09/2021,0,23.7,34.8,3,32.5,25.6,2.53,1.52
26/09/2021,0.3,0.3,35.1,4,32.5,26,2.58,1.5
27/09/2021,1.3,1.6,36.4,5,31.2,25.5,2.57,1.51
28/09/2021,0.05,1.65,31.55,5,32.5,25.2,2.65,1.54
29/09/2021,0,1.35,25.35,4,32.3,25.3,2.54,1.55
30/09/2021,0.2,0.25,1.85,4,32.8,24.8,2.46,1.5
01/10/2021,0.05,0.25,1.9,5,32.8,25.5,2.36,1.34
02/10/2021,11.5,11.75,13.4,6,32.9,24.9,2.42,1.23
03/10/2021,1.7,13.25,14.8,6,32.5,24.8,2.51,1.21
04/10/2021,1.3,14.5,14.8,6,31.7,25.5,2.59,1.25
05/10/2021,4.5,7.5,19.25,6,28,24.8,2.69,1.29
06/10/2021,0.05,5.85,19.3,7,31,24.6,2.62,1.34
07/10/2021,8.7,13.25,27.8,7,33,24.8,2.58,1.38
08/10/2021,1.1,9.85,28.85,7,31.6,25.2,2.66,1.34
09/10/2021,1.2,11,18.55,7,32,26,2.79,1.24
10/10/2021,28,30.3,44.85,7,31.4,24.8,2.82,1.28
11/10/2021,91.1,120.3,134.65,7,27.6,24.3,2.89,1.29
12/10/2021,8.1,127.2,138.25,7,29.6,24.8,2.88,1.31
13/10/2021,47,146.2,185.2,7,28.2,24.4,2.78,1.31
14/10/2021,0,55.1,176.5,6,33.3,24.6,2.66,1.3
15/10/2021,0.4,47.4,175.8,6,31.5,25,2.56,1.28
16/10/2021,4.2,4.6,178.8,6,29.9,24.4,2.51,1.26
17/10/2021,13,17.6,163.8,6,31.5,24,2.51,1.31
18/10/2021,0,17.2,72.7,5,31.8,25.6,2.59,1.38
19/10/2021,0,13,64.6,4,32,25.5,2.52,1.45
20/10/2021,17.2,17.2,34.8,4,31,25.8,2.43,1.46
21/10/2021,0.2,17.4,35,5,29.8,24,2.56,1.35
22/10/2021,0,17.4,34.6,4,32.3,24.8,2.58,1.32
23/10/2021,1.2,1.4,31.6,4,34.5,25.2,2.65,1.3
24/10/2021,29.6,30.8,48.2,4,29.8,24.2,2.69,1.26
25/10/2021,13.6,44.4,61.8,5,29.6,24.4,2.67,1.29
26/10/2021,0.05,43.25,61.85,6,31,24.6,2.68,1.28
27/10/2021,0.2,13.85,44.85,6,31.6,25.4,2.68,1.33
28/10/2021,0.4,0.65,45.05,6,32.5,27.4,2.66,1.39
29/10/2021,32.3,32.9,77.35,7,31,25.4,2.54,1.37
30/10/2021,1.7,34.4,77.85,7,30.8,25.4,2.42,1.38
31/10/2021,3.5,37.5,51.75,7,31.5,24.6,2.34,1.35
01/11/2021,0.2,5.4,38.35,7,32.3,24.9,2.39,1.36
02/11/2021,0,3.7,38.3,6,32.5,25.5,2.45,1.42
03/11/2021,17.8,18,55.9,6,32.2,25.5,2.48,1.51
04/11/2021,23.2,41,78.7,6,29,25.4,2.67,1.41
05/11/2021,15.9,56.9,62.3,6,28.7,25,2.83,1.24
06/11/2021,7.2,46.3,67.8,6,32,24.2,2.98,1.12
07/11/2021,0,23.1,64.3,5,31.2,24.2,3.12,1.05
08/11/2021,0,7.2,64.1,4,32.8,26.5,3.07,1.04
09/11/2021,0.4,0.4,64.5,5,31.5,26.5,3.06,1.09
10/11/2021,13.8,14.2,60.5,5,32.9,26.4,2.97,1.13
11/11/2021,5.1,19.3,42.4,5,30.5,25.7,2.83,1.17
12/11/2021,18.4,37.3,44.9,5,31.2,25.3,2.6,1.22
13/11/2021,4.8,28.3,42.5,5,29.2,25.2,2.44,1.23
14/11/2021,9,32.2,51.5,6,30.2,25,2.3,1.32
15/11/2021,2.8,16.6,54.3,7,31,25.2,2.37,1.43
16/11/2021,15.4,27.2,69.3,7,31.5,25.5,2.47,1.54
17/11/2021,26.6,44.8,82.1,7,30.3,23.3,2.57,1.51
18/11/2021,25.1,67.1,102.1,7,27.8,24,2.56,1.38
19/11/2021,0.4,52.1,84.1,7,30.9,24.3,2.64,1.24
20/11/2021,6.6,32.1,85.9,7,30.5,24.6,2.76,1.16
21/11/2021,0.05,7.05,76.95,7,31.6,25.2,2.87,1.1
22/11/2021,0.6,7.25,74.75,7,31.9,25.4,2.88,1.12
23/11/2021,0,0.65,59.35,6,32.1,25.4,2.88,1.15
24/11/2021,0,0.6,32.75,5,32.4,25.5,2.89,1.17
25/11/2021,23.5,23.5,31.15,5,32.8,25.3,2.84,1.22
26/11/2021,13.3,36.8,44.05,5,27.6,25.2,2.7,1.26
27/11/2021,6.4,43.2,43.85,5,31.7,25.4,2.59,1.32
28/11/2021,35.3,55,79.1,5,31.5,24.8,2.47,1.38
29/11/2021,0,41.7,78.5,4,32.5,25.3,2.28,1.41
30/11/2021,0,35.3,78.5,4,32.2,24.7,2.35,1.48
01/12/2021,0,0,78.5,4,33.6,24.7,2.55,1.56
02/12/2021,1.7,1.7,56.7,4,31.8,25.8,2.8,1.49
03/12/2021,0,1.7,43.4,3,30.6,25.6,2.93,1.37
04/12/2021,0.4,2.1,37.4,3,30.6,25.7,3.07,1.07
05/12/2021,1.8,2.2,3.9,3,32.3,25,3.15,0.95
06/12/2021,0,2.2,3.9,3,30.7,23.9,3.17,0.91
07/12/2021,0,1.8,3.9,3,31.8,22.9,3.09,0.88
08/12/2021,0,0,3.9,3,31.5,24.7,3.13,1.03
09/12/2021,0,0,2.2,2,31.2,24.7,3,1.14
10/12/2021,0,0,2.2,2,31.7,25.8,2.84,1.21
11/12/2021,0,0,1.8,1,32.1,25,2.62,1.35
12/12/2021,0.05,0.05,0.05,1,33.5,26.7,2.34,1.44
13/12/2021,0.4,0.45,0.45,2,31.5,27,2.29,1.54
14/12/2021,15.2,15.65,15.65,3,29.5,26.3,2.46,1.64
15/12/2021,0,15.6,15.65,3,31.2,26.9,2.53,1.66
16/12/2021,0,15.2,15.65,3,31.6,24.2,2.62,1.45
17/12/2021,1.4,1.4,17.05,4,32.4,26.3,2.29,1.48
18/12/2021,156.5,157.9,173.55,5,27.5,25,,
19/12/2021,3.9,161.8,177.4,5,29.6,24.5,,
20/12/2021,0,160.4,177,4,31.2,24.3,,
21/12/2021,0.8,4.7,162.6,4,32,24.7,,
22/12/2021,0,0.8,162.6,4,31.5,23.9,,
23/12/2021,0,0.8,162.6,4,32,24.7,,
24/12/2021,0,0,161.2,3,31.8,24,,
25/12/2021,0.05,0.05,4.75,3,31.7,25.4,,
26/12/2021,0,0.05,0.85,2,31.2,27.2,,
27/12/2021,0,0.05,0.85,2,31.6,25.3,,
28/12/2021,0.1,0.1,0.15,2,31.8,27.3,,
29/12/2021,0.4,0.5,0.55,3,32,27.3,,
30/12/2021,0,0.5,0.55,3,31.3,26.6,,
31/12/2021,0.05,0.45,0.6,4,31,25.2,,
01/01/2022,0,0.05,0.55,3,31.2,26.6,,
02/01/2022,0,0.05,0.55,3,31.5,26.6,,
03/01/2022,0,0,0.55,3,29.1,26.5,,
04/01/2022,0,0,0.45,2,30.8,26.6,,
05/01/2022,0,0,0.05,1,30.9,25,,
06/01/2022,0,0,0.05,1,31.2,24.6,,
07/01/2022,0,0,0,0,31,24.2,,
08/01/2022,0,0,0,0,31.7,23.4,,
09/01/2022,0,0,0,0,31.7,23.8,,
10/01/2022,0,0,0,0,31.7,24.6,,
11/01/2022,0.05,0.05,0.05,1,32.2,25.2,,
12/01/2022,0,0.05,0.05,1,34.1,24.4,,
13/01/2022,0,0.05,0.05,1,32.5,23.8,,
14/01/2022,1,1,1.05,2,32,23.4,,
15/01/2022,0,1,1.05,2,30.5,25.2,,
16/01/2022,0,1,1.05,2,31.3,25.6,,
17/01/2022,0,0,1.05,2,31.4,24.7,,
18/01/2022,0.05,0.05,1.05,2,31.2,23.8,,
19/01/2022,0,0.05,1.05,2,31.7,25,,
20/01/2022,0.05,0.1,1.1,3,32.3,24.2,,
21/01/2022,0,0.05,0.1,2,31.5,25.3,,
22/01/2022,0,0.05,0.1,2,31.6,24.2,,
23/01/2022,0,0,0.1,2,31.2,24.2,,
24/01/2022,0,0,0.1,2,31.9,24.3,,
25/01/2022,0,0,0.05,1,32.5,24.4,,
26/01/2022,0.05,0.05,0.1,2,33.5,26.7,,
27/01/2022,147.9,147.95,147.95,2,31.6,25,,
28/01/2022,28.1,176.05,176.05,3,30.2,25.4,,
29/01/2022,0.8,176.8,176.85,4,30.5,24.4,,
30/01/2022,0,28.9,176.85,4,31.2,24.4,,
31/01/2022,0,0.8,176.85,4,32.4,24.5,,
01/02/2022,0,0,176.85,4,31.6,26.6,,
02/02/2022,0,0,176.8,3,32,26.5,,
03/02/2022,0,0,28.9,2,31.5,25.5,,
04/02/2022,0,0,0.8,1,31.8,25.2,,
05/02/2022,3.2,3.2,3.2,1,32.8,26.8,,
06/02/2022,0,3.2,3.2,1,31.2,26.8,,
07/02/2022,0,3.2,3.2,1,31,26.3,,
08/02/2022,0,0,3.2,1,31.2,23.8,,
09/02/2022,0,0,3.2,1,32,26.6,,
10/02/2022,0,0,3.2,1,31.5,25.1,,
11/02/2022,0,0,3.2,1,31.4,26.4,,
12/02/2022,0.2,0.2,0.2,1,31,25.4,,
13/02/2022,39.2,39.4,39.4,2,32,24.8,,
14/02/2022,5.6,45,45,3,29.2,25,,
15/02/2022,0,44.8,45,3,31.5,24.2,,
16/02/2022,0.05,5.65,45.05,4,31.3,24.4,,
17/02/2022,0,0.05,45.05,4,31,24.2,,
18/02/2022,0,0.05,45.05,4,31,24,,
19/02/2022,0,0,44.85,3,31.3,23.7,,
20/02/2022,2,2,7.65,3,31.4,25.2,,
21/02/2022,6.8,8.8,8.85,3,31.2,25.1,,
22/02/2022,0,8.8,8.85,3,31,26.5,,
23/02/2022,0.05,6.85,8.85,3,31.8,25.4,,
24/02/2022,0,0.05,8.85,3,31,24.3,,
25/02/2022,0,0.05,8.85,3,31.5,25.6,,
26/02/2022,0,0,8.85,3,31.8,24.6,,
27/02/2022,0,0,6.85,2,31.3,24.4,,
28/02/2022,0,0,0.05,1,31.8,25.4,,
01/03/2022,0.05,0.05,0.1,2,30.7,27.1,,
02/03/2022,0,0.05,0.05,1,31.8,24.7,,
03/03/2022,0,0.05,0.05,1,31.5,24.7,,
04/03/2022,0,0,0.05,1,32.5,27,,
05/03/2022,0,0,0.05,1,31.2,26.5,,
06/03/2022,0,0,0.05,1,31.8,25.3,,
07/03/2022,0.05,0.05,0.1,2,30.7,25.3,,
08/03/2022,0.05,0.1,0.1,2,32.2,26.4,,
09/03/2022,0,0.1,0.1,2,34.8,26.7,,
10/03/2022,11,11.05,11.1,3,31,25.8,,
11/03/2022,0.4,11.4,11.5,4,30.1,26.4,,
12/03/2022,2.6,14,14.1,5,31,26.4,,
13/03/2022,0,3,14.1,5,31,25,,
14/03/2022,0,2.6,14.05,4,31.5,25.7,,
15/03/2022,31.8,31.8,45.8,4,32.6,25.4,,
16/03/2022,0,31.8,45.8,4,31.6,25.7,,
17/03/2022,3,34.8,37.8,4,31.8,26.6,,
18/03/2022,0,3,37.4,3,32.5,26,,
19/03/2022,0.05,3.05,34.85,3,31.8,25.8,,
20/03/2022,0,0.05,34.85,3,31.8,26.6,,
21/03/2022,3.2,3.25,38.05,4,32.2,25.9,,
22/03/2022,57.3,60.5,63.55,4,27.2,24.6,,
23/03/2022,0,60.5,63.55,4,31.8,25.7,,
24/03/2022,0,57.3,60.55,3,32.2,25.2,,
25/03/2022,0,0,60.55,3,32.6,27.8,,
26/03/2022,0,0,60.5,2,32.1,26.8,,
27/03/2022,0,0,60.5,2,32.6,25.4,,
28/03/2022,0.3,0.3,57.6,2,32.6,25.2,,
29/03/2022,65.4,65.7,65.7,2,29.8,25,,
30/03/2022,76.9,142.6,142.6,3,29.6,23.9,,
31/03/2022,1.1,143.4,143.7,4,31.3,25.2,,
01/04/2022,0,78,143.7,4,32,25.2,,
02/04/2022,0.05,1.15,143.75,5,32.4,25.2,,
03/04/2022,0,0.05,143.75,5,32.5,24.8,,
04/04/2022,0.05,0.1,143.5,5,30.4,24.8,,
05/04/2022,5.5,5.55,83.6,5,27.6,24.6,,
06/04/2022,25,30.55,31.7,5,33,24.8,,
07/04/2022,38.6,69.1,69.2,5,32,25.2,,
08/04/2022,5.8,69.4,75,6,31,24.8,,
09/04/2022,11.2,55.6,86.15,6,31.2,25,,
10/04/2022,0,17,86.15,6,31,24.6,,
11/04/2022,13.3,24.5,99.4,6,31.5,25.2,,
12/04/2022,0.2,13.5,94.1,6,31.8,26,,
13/04/2022,0.2,13.7,69.3,6,31.6,24.6,,
14/04/2022,0.6,1,31.3,6,31.2,25,,
15/04/2022,3.5,4.3,29,6,31.8,25.2,,
16/04/2022,0,4.1,17.8,5,30.8,24,,
17/04/2022,0,3.5,17.8,5,31.8,25,,
18/04/2022,0,0,4.5,4,32.1,27.3,,
19/04/2022,0.4,0.4,4.7,4,32.3,27.8,,
20/04/2022,0,0.4,4.5,3,33,25.1,,
21/04/2022,1.2,1.6,5.1,3,32.8,26,,
22/04/2022,0,1.2,1.6,2,33.3,27,,
23/04/2022,0,1.2,1.6,2,32.6,26,,
24/04/2022,0.6,0.6,2.2,3,32.6,27,,
25/04/2022,0,0.6,2.2,3,33.5,26,,
26/04/2022,0,0.6,1.8,2,33.5,27,,
27/04/2022,37,37,38.8,3,30.5,25.9,,
28/04/2022,57.6,94.6,95.2,3,33.5,24.8,,
29/04/2022,5.8,100.4,101,4,29.8,26.8,,
30/04/2022,1.6,65,102.6,5,31.2,26,,
01/05/2022,0.2,7.6,102.2,5,31.5,25.3,2.33,1.13
02/05/2022,7,8.8,109.2,6,32.5,24.8,2.57,1.08
03/05/2022,3.6,10.8,112.8,7,32.8,25.2,2.66,1.05
04/05/2022,0,10.6,75.8,6,32.2,25.8,2.67,1.06
05/05/2022,1.7,5.3,19.9,6,33,25.5,2.66,1.06
06/05/2022,2.9,4.6,17,6,31,26.5,2.59,1.11
07/05/2022,2.7,7.3,18.1,6,31.3,26,2.52,1.15
08/05/2022,0,5.6,17.9,5,32.6,26.5,2.45,1.23
09/05/2022,0,2.7,10.9,4,33.6,27.3,2.35,1.27
10/05/2022,0.05,0.05,7.35,4,32.8,26.6,2.19,1.25
11/05/2022,0,0.05,7.35,4,32.4,26.6,2.17,1.22
12/05/2022,1.8,1.85,7.45,4,32,26.6,2.16,1.23
13/05/2022,0,1.8,4.55,3,32.8,27,2.15,1.32
14/05/2022,0.05,1.85,1.9,3,32.8,26.2,2.24,1.29
15/05/2022,0,0.05,1.9,3,32.3,26.4,2.41,1.11
16/05/2022,0.8,0.85,2.7,4,32.4,26.9,2.63,0.98
17/05/2022,13.9,14.7,16.55,4,32.6,26,2.8,0.88
18/05/2022,2.2,16.9,18.75,5,32,25.6,2.91,0.83
19/05/2022,0.05,16.15,17,5,31.6,26,2.94,0.88
20/05/2022,1.3,3.55,18.3,6,31.8,25.2,2.9,0.95
21/05/2022,0,1.35,18.25,5,32.6,25.8,2.76,1.03
22/05/2022,0.2,1.5,18.45,6,31.5,26.3,2.6,1.08
23/05/2022,8.6,8.8,26.25,6,30.2,24.8,2.41,1.15
24/05/2022,3.7,12.5,16.05,6,29.2,24.4,2.19,1.18
25/05/2022,0,12.3,13.85,5,31.6,25,2.08,1.26
26/05/2022,0,3.7,13.8,4,32.5,26,2.12,1.39
27/05/2022,1.3,1.3,13.8,4,32.5,25.7,2.24,1.4
28/05/2022,17.4,18.7,31.2,5,32.4,24.4,2.4,1.24
29/05/2022,51.8,70.5,82.8,5,30.4,24.3,2.47,1.08
30/05/2022,0,69.2,74.2,4,31.6,25.9,2.64,1.02
31/05/2022,1.6,53.4,72.1,4,32.1,24.8,2.71,0.94
01/06/2022,0,1.6,72.1,4,31.2,25.3,2.78,1.01
02/06/2022,0,1.6,72.1,4,32,25.8,2.77,1
03/06/2022,0.05,0.05,70.85,4,32.2,25.6,2.75,1.01
04/06/2022,0,0.05,53.45,3,32.1,25.7,2.69,1.08
05/06/2022,0,0.05,1.65,2,32.8,25.6,2.6,1.13
06/06/2022,0.2,0.2,1.85,3,33,25.8,2.5,1.22
07/06/2022,0,0.2,0.25,2,32.3,25.9,2.38,1.27
08/06/2022,0,0.2,0.25,2,31.3,26,2.2,1.33
09/06/2022,0,0,0.25,2,32.8,26.2,2.05,1.35
10/06/2022,0,0,0.2,1,31.8,25.9,2.13,1.45
11/06/2022,0.8,0.8,1,2,31.5,25,2.27,1.42
12/06/2022,0,0.8,1,2,32.2,25.4,2.46,1.21
13/06/2022,0,0.8,0.8,1,32.8,25.5,2.68,1.04
14/06/2022,0,0,0.8,1,33,25.8,2.87,0.9
15/06/2022,0.1,0.1,0.9,2,31.4,25.2,2.98,0.84
16/06/2022,0.05,0.15,0.95,3,32.2,25.6,3.05,0.81
17/06/2022,0,0.15,0.95,3,33.3,25.7,3,0.89
18/06/2022,1.4,1.45,1.55,3,34.2,25.8,2.92,0.97
19/06/2022,2.3,3.7,3.85,4,31.6,25.4,2.74,1.07
20/06/2022,0,3.7,3.85,4,32.4,25.8,2.56,1.22
21/06/2022,19,21.3,22.85,5,32.5,25.2,2.32,1.3
22/06/2022,9,28,31.75,5,30.8,25.4,2.07,1.39
23/06/2022,0.4,28.4,32.1,5,32.2,25.7,2.09,1.45
24/06/2022,13.5,22.9,45.6,6,31.7,25.9,2.22,1.52
25/06/2022,0,13.9,44.2,5,32.2,25.6,2.37,1.34
26/06/2022,10,23.5,51.9,5,32.4,25.1,2.49,1.2
27/06/2022,0,10,51.9,5,32.5,26.6,2.63,1.08
28/06/2022,0.05,10.05,32.95,5,32,25.5,2.69,1.03
29/06/2022,0.05,0.1,24,5,30.6,25.6,2.79,0.97
30/06/2022,16.4,16.5,40,5,31.7,24.3,2.79,1.07
01/07/2022,5.5,21.95,32,5,30.8,24.9,2.76,1.02
02/07/2022,2.4,24.3,34.4,6,30.4,25,2.78,1.07
03/07/2022,1.4,9.3,25.8,6,31.2,25.6,2.74,1.15
04/07/2022,0,3.8,25.8,6,31.9,25,2.66,1.21
05/07/2022,0.4,1.8,26.15,6,32,26,2.49,1.33
06/07/2022,12,12.4,38.1,6,31.2,25.2,2.35,1.43
07/07/2022,12.6,25,34.3,6,31.3,24.9,2.16,1.55
08/07/2022,3.2,27.8,32,6,31.2,24.3,2.11,1.62
09/07/2022,0,15.8,29.6,5,30.6,25.4,2.26,1.63
10/07/2022,28.2,31.4,56.4,5,31.4,25.3,2.46,1.42
11/07/2022,4.7,32.9,61.1,6,31.3,24.7,2.63,1.17
12/07/2022,0.7,33.6,61.4,6,31,25.4,2.85,1
13/07/2022,0.05,5.45,49.45,6,31.2,25.5,3.01,0.91
14/07/2022,0.05,0.8,36.9,6,31.3,25.4,3.1,0.91
15/07/2022,0,0.1,33.7,5,31.5,25.9,3.12,0.97
16/07/2022,0.05,0.1,33.75,6,30.3,24.9,3.07,1.11
17/07/2022,0.05,0.1,5.6,6,32,26.4,2.9,1.2
18/07/2022,0.1,0.2,1,6,30.1,25.6,2.71,1.27
19/07/2022,0.05,0.2,0.35,6,28.2,24.8,2.5,1.42
20/07/2022,0.05,0.2,0.35,6,29.4,24.8,2.23,1.49
21/07/2022,0,0.1,0.3,5,32.2,25,2.16,1.64
22/07/2022,0,0.05,0.3,5,32.4,25.8,2.27,1.7
23/07/2022,0,0,0.25,4,32.6,25.5,2.37,1.53
24/07/2022,0,0,0.2,3,32.5,25.4,2.45,1.36
25/07/2022,0,0,0.1,2,32.2,25.6,2.57,1.24
26/07/2022,0.05,0.05,0.1,2,32.2,25.4,2.66,1.13
27/07/2022,0,0.05,0.05,1,32.4,25.9,2.75,1.06
28/07/2022,9,9.05,9.05,2,33.2,25.4,2.81,1.06
29/07/2022,0,9,9.05,2,32.5,26.1,2.83,1.08
30/07/2022,0.05,9.05,9.1,3,32.8,26.2,2.83,1.09
31/07/2022,3,3.05,12.1,4,30.7,24.8,2.78,1.14
01/08/2022,16,19.05,28.1,5,31.7,25.1,2.69,1.24
02/08/2022,1.2,20.2,29.25,5,30.3,25,2.54,1.32
03/08/2022,2.2,19.4,31.45,6,31.2,25.7,2.43,1.44
04/08/2022,0.05,3.45,22.5,6,33.5,25.9,2.21,1.54
05/08/2022,2,4.25,24.5,7,31.5,25.2,2.18,1.65
06/08/2022,0.05,2.1,24.5,7,30.8,24.6,2.33,1.69
07/08/2022,1,3.05,22.5,7,31.5,25,2.45,1.47
08/08/2022,43.4,44.45,49.9,7,30.6,24.4,2.53,1.27
09/08/2022,0.05,44.45,48.75,7,30.7,25.3,2.7,1.1
10/08/2022,0.7,44.15,47.25,7,31.2,24.8,2.9,1.01
11/08/2022,0.7,1.45,47.9,7,31,25.4,3.04,0.98
12/08/2022,10.6,12,56.5,7,32.2,24.5,3.08,0.99
13/08/2022,0,11.3,56.45,6,31.8,25.4,3.08,1.13
14/08/2022,12.3,22.9,67.75,6,32.5,25,2.94,1.18
15/08/2022,19.6,31.9,43.95,6,29.6,23.9,2.77,1.29
16/08/2022,0.7,32.6,44.6,6,31.4,25,2.57,1.39
17/08/2022,17.2,37.5,61.1,6,31.7,24.6,2.3,1.51
18/08/2022,6.2,24.1,66.6,6,31.7,25,2.26,1.6
19/08/2022,0.1,23.5,56.1,6,31.6,25,2.4,1.68
20/08/2022,0.2,6.5,56.3,7,31.5,26.4,2.4,1.56
21/08/2022,0.4,0.7,44.4,7,31.7,25.4,2.4,1.42
22/08/2022,17.4,18,42.2,7,32,25.6,2.49,1.29
23/08/2022,5.2,23,46.7,7,30.9,24.3,2.55,1.23
24/08/2022,0.2,22.8,29.7,7,31.6,25,2.64,1.15
25/08/2022,0.05,5.45,23.55,7,32.5,25.7,2.7,1.16
26/08/2022,9.2,9.45,32.65,7,32.3,25.3,2.73,1.2
27/08/2022,6.9,16.15,39.35,7,31.4,25.2,2.78,1.23
28/08/2022,0,16.1,38.95,6,30.8,25.3,2.78,1.29
29/08/2022,0,6.9,21.55,5,32,25.3,2.67,1.35
30/08/2022,0,0,16.35,4,32,24.8,2.6,1.46
31/08/2022,0,0,16.15,3,34.1,25.2,2.45,1.56
01/09/2022,0.6,0.6,16.7,3,33,25.5,2.32,1.58
02/09/2022,0,0.6,7.5,2,32.8,26.3,2.43,1.58
03/09/2022,4.1,4.7,4.7,2,32.6,25.2,2.51,1.54
04/09/2022,11.9,16,16.6,3,31.8,25.2,2.53,1.46
05/09/2022,0.1,16.1,16.7,4,32.5,25.8,2.59,1.29
06/09/2022,25.3,37.3,42,5,31.7,24.7,2.61,1.13
07/09/2022,0.2,25.6,42.2,6,30.2,25.3,2.68,1.15
08/09/2022,0,25.5,41.6,5,32,25.3,2.83,1.19
09/09/2022,0.05,0.25,41.65,6,32.3,25.8,2.89,1.2
10/09/2022,0.05,0.1,37.6,6,32.1,25.4,2.89,1.27
11/09/2022,0,0.1,25.7,5,32,25.8,2.79,1.35
12/09/2022,0,0.05,25.6,4,32,24.7,2.66,1.44
13/09/2022,0.7,0.7,1,4,32.2,24.6,2.48,1.48
14/09/2022,0,0.7,0.8,3,32.4,25.4,2.4,1.46
15/09/2022,0.3,1,1.1,4,32.5,25.4,2.55,1.51
16/09/2022,0.8,1.1,1.85,4,31.4,25,2.57,1.49
17/09/2022,9,10.1,10.8,4,31.8,24.2,2.53,1.56
18/09/2022,0,9.8,10.8,4,32,24.6,2.52,1.51
19/09/2022,0.3,9.3,11.1,5,32.8,25.1,2.48,1.46
20/09/2022,28.6,28.9,39,5,32.5,24.6,2.39,1.36
21/09/2022,1.5,30.4,40.5,6,31.8,24.6,2.38,1.26
22/09/2022,1.4,31.5,41.6,6,31.8,25.2,2.47,1.24
23/09/2022,0.05,2.95,40.85,6,31.8,25,2.54,1.23
24/09/2022,31.3,32.75,63.15,6,32.2,24.2,2.62,1.25
25/09/2022,15.9,47.25,79.05,7,31.2,24.8,2.67,1.32
26/09/2022,16.5,63.7,95.25,7,32,25.2,2.57,1.43
27/09/2022,7.3,39.7,73.95,7,29.3,24.3,2.51,1.46
28/09/2022,0.9,24.7,73.35,7,30.3,25.3,2.48,1.38
29/09/2022,0.3,8.5,72.25,7,31,25.8,2.56,1.32
30/09/2022,0.05,1.25,72.25,7,31,25.6,2.63,1.39
01/10/2022,2.8,3.15,43.75,7,30.8,25,2.62,1.3
02/10/2022,0.05,2.9,27.9,7,32.3,25.2,2.68,1.34
03/10/2022,1.6,4.45,13,7,31.4,26.8,2.69,1.31
04/10/2022,18.8,20.45,24.5,7,31.8,24.5,2.58,1.21
05/10/2022,2.4,22.8,26,7,31.4,24.5,2.51,1.16
06/10/2022,0.2,21.4,25.9,7,32.6,25.3,2.58,1.17
07/10/2022,30,32.6,55.85,7,33.1,26,2.65,1.21
08/10/2022,0.05,30.25,53.1,7,30.8,25,2.63,1.27
09/10/2022,0,30.05,53.05,6,31.6,24.9,2.55,1.36
10/10/2022,0,0.05,51.45,5,31.7,24.7,2.42,1.41
11/10/2022,0.6,0.6,33.25,5,32.3,24.7,2.54,1.31
12/10/2022,0,0.6,30.85,4,32.4,25.6,2.64,1.26
13/10/2022,0.05,0.65,30.7,4,32,24.9,2.65,1.25
14/10/2022,0.05,0.1,0.75,4,32.6,25.5,2.68,1.27
15/10/2022,5.4,5.5,6.1,4,32.3,25.7,2.68,1.31
16/10/2022,2.4,7.85,8.5,5,32.5,25.4,2.64,1.38
17/10/2022,27,34.8,35.5,6,30.8,24.4,2.58,1.42
18/10/2022,0.4,29.8,35.3,6,31.7,24.6,2.51,1.39
19/10/2022,0.05,27.45,35.35,7,31.5,25.2,2.38,1.4
20/10/2022,9.2,9.65,44.5,7,31.6,25.5,2.33,1.4
21/10/2022,8,17.25,52.45,7,30,25.1,2.33,1.34
22/10/2022,0.05,17.25,47.1,7,32.1,25.9,2.4,1.36
23/10/2022,0,8.05,44.7,6,32.8,25.9,2.43,1.43
24/10/2022,2,2.05,19.7,6,29,24.5,2.44,1.54
25/10/2022,0.05,2.05,19.35,6,32.7,25.2,2.58,1.53
26/10/2022,0.1,2.15,19.4,6,32.4,25.6,2.71,1.4
27/10/2022,29.6,29.75,39.8,6,32.3,25.2,2.86,1.28
28/10/2022,1.1,30.8,32.9,6,30.6,25.7,2.94,1.23
29/10/2022,13.1,43.8,45.95,6,30.5,25,2.94,1.23
30/10/2022,5.6,19.8,51.55,7,29.5,26,2.99,1.22
31/10/2022,9.6,28.3,59.15,7,31,24.8,2.96,1.28
01/11/2022,7,22.2,66.1,7,30.5,24.3,2.76,1.23
02/11/2022,2.2,18.8,68.2,7,30,24,2.6,1.24
03/11/2022,3.2,12.4,41.8,7,31.7,24.6,2.44,1.32
04/11/2022,0,5.4,40.7,6,32,25,2.37,1.36
05/11/2022,0,3.2,27.6,5,32.3,25.1,2.38,1.45
06/11/2022,0.05,0.05,22.05,5,32,25.5,2.41,1.55
07/11/2022,0,0.05,12.45,4,32.5,25.8,2.56,1.49
08/11/2022,0.05,0.1,5.5,4,31.4,25.7,2.74,1.35
09/11/2022,0.05,0.1,3.35,4,31.5,25.9,2.8,1.27
10/11/2022,14,14.1,14.15,4,32.2,23.9,2.89,1.15
11/11/2022,1.8,15.85,15.95,5,32.6,24.6,2.88,1.18
12/11/2022,11.1,26.9,27.05,6,31.9,25.7,2.86,1.19
13/11/2022,0.5,13.4,27.5,6,32,26,2.88,1.24
14/11/2022,0,11.6,27.5,6,32.8,26.1,2.79,1.28
15/11/2022,0,0.5,27.45,5,32.7,26.3,2.72,1.36
16/11/2022,0,0,27.4,4,33,26.1,2.58,1.38
17/11/2022,35.2,35.2,48.6,4,32,25.8,2.46,1.45
18/11/2022,27.5,62.7,74.3,4,30.2,25,2.3,1.49
19/11/2022,61.2,123.9,124.4,4,30,24.8,2.22,1.53
20/11/2022,5.9,94.6,129.8,4,30,25.2,2.3,1.56
21/11/2022,21.6,88.7,151.4,5,27.5,24.2,2.47,1.6
22/11/2022,25.6,53.1,177,6,30.5,25,2.6,1.46
23/11/2022,0.8,48,177.8,7,31.1,24.8,2.75,1.27
24/11/2022,7.9,34.3,150.5,7,32,26,2.94,1.09
25/11/2022,57.4,66.1,180.4,7,31.9,24.6,3.05,1.07
26/11/2022,1,66.3,120.2,7,30.6,25.7,3.06,0.94
27/11/2022,1,59.4,115.3,7,29,24.8,3.03,0.98
28/11/2022,0.05,2.05,93.75,7,32.1,25.7,3.07,1.01
29/11/2022,1.7,2.75,69.85,7,31.7,25.4,2.93,1.12
30/11/2022,0,1.75,69.05,6,32.8,25.7,2.73,1.17
01/12/2022,0.05,1.75,61.2,6,33.2,26.3,2.55,1.38
02/12/2022,9.7,9.75,13.5,6,32.3,25.6,2.32,1.47
03/12/2022,0.1,9.85,12.6,6,31.7,25.9,2.25,1.56
04/12/2022,31.6,41.4,43.2,6,32.4,24.1,2.34,1.6
05/12/2022,0,31.7,43.15,5,31.7,25.5,2.53,1.46
06/12/2022,0,31.6,41.45,4,32.5,25.5,2.66,1.28
07/12/2022,0,0,41.45,4,32,26.6,2.78,1.15
08/12/2022,0,0,41.4,3,31.9,24.7,2.87,1.04
09/12/2022,0,0,31.7,2,31.6,24.6,2.9,1
10/12/2022,0,0,31.6,1,32,25.2,2.87,1
11/12/2022,2.1,2.1,2.1,1,31.2,24.1,2.83,1.03
12/12/2022,1.9,4,4,2,30.7,25,2.85,1.11
13/12/2022,0,4,4,2,31.7,23.5,2.81,1.14
14/12/2022,0,1.9,4,2,31.7,24.6,2.73,1.22
15/12/2022,1.6,1.6,5.6,3,31,24.8,2.56,1.29
16/12/2022,0,1.6,5.6,3,32.4,26,2.43,1.34
17/12/2022,0,1.6,5.6,3,32.4,25.4,2.26,1.47
18/12/2022,0,0,3.5,2,32.7,25.7,2.21,1.52
19/12/2022,0,0,1.6,1,32.7,26,2.41,1.65
20/12/2022,0,0,1.6,1,32.3,25,2.55,1.57
21/12/2022,11.3,11.3,12.9,2,32.4,24.8,2.7,1.29
22/12/2022,4.2,15.5,15.5,2,30.2,25,2.88,1.05
23/12/2022,5.6,21.1,21.1,3,29.7,24.9,3.03,0.94
24/12/2022,11,20.8,32.1,4,28.5,24.9,3.16,0.88
25/12/2022,0,16.6,32.1,4,29.6,26,3.16,0.91
26/12/2022,0,11,32.1,4,30.5,26.4,3.13,0.96
27/12/2022,18.1,18.1,50.2,5,29.2,24,3.06,1.01
28/12/2022,0.05,18.15,38.95,5,29.1,25.9,2.93,1.08
29/12/2022,0.05,18.2,34.8,5,30,24.3,2.74,1.22
30/12/2022,8.3,8.4,37.5,5,29.5,24.3,2.42,1.33
31/12/2022,15.3,23.65,41.8,5,30.6,24.8,2.26,1.49
01/01/2023,0.1,23.7,41.9,6,30.5,25.1,2.44,1.7
02/01/2023,0,15.4,41.9,6,32.2,25.4,2.54,1.69
03/01/2023,4.4,4.5,28.2,6,31.8,24.6,2.74,1.46
04/01/2023,12.2,16.6,40.35,6,30.1,26,2.76,1.31
05/01/2023,26.8,43.4,67.1,6,28.2,26,2.87,1.2
06/01/2023,10.8,49.8,69.6,6,29.5,26.2,2.94,1.05
07/01/2023,5.5,43.1,59.8,6,31.2,25,2.98,1.04
08/01/2023,5.8,22.1,65.5,6,29.8,25.6,2.99,1.06
09/01/2023,0.05,11.35,65.55,7,31.3,26.5,2.91,1.07
10/01/2023,0,5.85,61.15,6,30.6,25.1,2.89,1.12
11/01/2023,30.4,30.45,79.35,6,31.6,23.9,2.85,1.2
12/01/2023,1.2,31.6,53.75,6,29.6,25,2.81,1.35
13/01/2023,0,31.6,42.95,5,30.6,23.8,2.69,1.33
14/01/2023,0,1.2,37.45,4,31.8,25.4,2.49,1.45
15/01/2023,8,8,39.65,4,31.2,25.1,2.3,1.53
16/01/2023,18.9,26.9,58.5,4,30,24.2,2.38,1.65
17/01/2023,15.5,42.4,74,5,28.6,24.4,2.55,1.77
18/01/2023,1.7,36.1,45.3,5,30.3,25.4,2.71,1.5
19/01/2023,0,17.2,44.1,4,30.8,25.8,2.88,1.26
20/01/2023,0.05,1.75,44.15,5,31.2,24.8,3.07,1.04
21/01/2023,0,0.05,44.15,5,31.4,24.8,3.14,0.93
22/01/2023,0.05,0.1,36.2,5,30.3,26.2,3.2,0.85
23/01/2023,0,0.05,17.3,4,31.2,24.5,3.19,0.88
24/01/2023,0.05,0.1,1.85,4,31,25.6,3.15,1.04
25/01/2023,0.05,0.1,0.2,4,31.9,26.2,3.04,1.14
26/01/2023,0,0.1,0.2,4,30.6,26,2.9,1.3
27/01/2023,8,8.05,8.15,4,30.1,24.2,2.58,1.35
28/01/2023,6.7,14.7,14.85,5,26.9,24.8,2.44,1.53
29/01/2023,0.8,15.5,15.6,5,29.4,26.2,2.46,1.59
30/01/2023,0.05,7.55,15.65,6,30.6,25.2,2.55,1.7
31/01/2023,0.05,0.9,15.65,6,31.8,25,2.52,1.58
01/02/2023,80.4,80.5,96,6,30,23.5,2.56,1.26
02/02/2023,0.8,81.25,96.8,7,30.4,25.9,2.65,1.13
03/02/2023,0,81.2,88.8,6,30.8,24.4,2.72,1.05
04/02/2023,0,0.8,82.1,5,31.2,25.3,2.85,1.03
05/02/2023,0,0,81.3,4,30.6,24.9,2.86,1.05
06/02/2023,0,0,81.25,3,30.8,25.1,2.85,1.09
07/02/2023,0,0,81.2,2,31.1,25.1,2.8,1.13
08/02/2023,0,0,0.8,1,30.3,24.2,2.79,1.16
09/02/2023,0,0,0,0,30.8,24.6,2.74,1.25
10/02/2023,0,0,0,0,30.5,24.8,2.61,1.34
11/02/2023,0,0,0,0,31.3,26.2,2.45,1.41
12/02/2023,0,0,0,0,31.1,26.8,2.32,1.53
13/02/2023,0,0,0,0,31.5,24.5,2.41,1.54
14/02/2023,2.9,2.9,2.9,1,31,24.5,2.46,1.49
15/02/2023,0.4,3.3,3.3,2,30.2,24.9,2.6,1.43
16/02/2023,0.5,3.8,3.8,3,30,23.4,2.68,1.29
17/02/2023,0.05,0.95,3.85,4,31.4,25.9,2.74,1.12
18/02/2023,0.05,0.6,3.9,5,30.3,22.9,2.89,0.93
19/02/2023,0,0.1,3.9,5,32,25.3,3.02,0.84
20/02/2023,0,0.05,3.9,5,32.4,23.9,3.06,0.88
21/02/2023,0,0,1,4,33.5,25.3,2.98,1.01
22/02/2023,1.1,1.1,1.7,4,31.4,25,2.93,1.12
23/02/2023,0.05,1.15,1.25,4,31.1,25.3,2.79,1.27
24/02/2023,0.05,1.2,1.25,4,33.6,24.6,2.57,1.39
25/02/2023,0,0.1,1.2,3,34.2,25.4,2.44,1.44
26/02/2023,0.05,0.1,1.25,4,33.3,25.8,2.55,1.53
27/02/2023,0,0.05,1.25,4,32.5,24.9,2.58,1.5
28/02/2023,0.05,0.1,1.3,5,31.4,26.6,2.49,1.5
01/03/2023,0.2,0.25,0.4,5,31.6,25.3,2.46,1.4
02/03/2023,0,0.25,0.35,4,31.5,25.4,2.36,1.23
03/03/2023,0.05,0.25,0.35,4,33.7,25.8,2.46,1.13
04/03/2023,0,0.05,0.35,4,31.5,24.1,2.59,1.1
05/03/2023,0,0.05,0.3,3,31.6,23.1,2.65,1.02
06/03/2023,4.4,4.4,4.7,4,32.3,23.4,2.76,1.07
07/03/2023,0,4.4,4.65,3,31,23.3,2.68,1.14
08/03/2023,0,4.4,4.45,2,31.5,24.1,2.64,1.22
09/03/2023,0,0,4.45,2,31.6,23.8,2.59,1.3
10/03/2023,0,0,4.4,1,31.7,23.8,2.52,1.32
11/03/2023,0.05,0.05,4.45,2,31.4,23.1,2.39,1.35
12/03/2023,0,0.05,4.45,2,31.4,23,2.46,1.35
13/03/2023,0,0.05,0.05,1,31.1,22.5,2.55,1.35
14/03/2023,0.05,0.05,0.1,2,32.3,23,2.63,1.33
15/03/2023,0,0.05,0.1,2,31.2,23,2.61,1.34
16/03/2023,0,0.05,0.1,2,31.8,24.8,2.55,1.27
17/03/2023,0,0,0.1,2,31.9,25.6,2.57,1.13
18/03/2023,0,0,0.05,1,32.3,25.2,2.64,1.01
19/03/2023,0,0,0.05,1,32,27,2.83,1.02
20/03/2023,0,0,0.05,1,32,26.6,2.86,1.05
21/03/2023,0.05,0.05,0.05,1,32,24.5,2.82,1.13
22/03/2023,0,0.05,0.05,1,32,23.7,2.73,1.27
23/03/2023,0,0.05,0.05,1,31.3,24.5,2.7,1.29
24/03/2023,0,0,0.05,1,32,24.9,2.55,1.27
25/03/2023,0,0,0.05,1,33.1,25.8,2.65,1.27
26/03/2023,0,0,0.05,1,33.3,25.3,2.72,1.27
27/03/2023,0,0,0.05,1,33.3,25.2,2.71,1.37
28/03/2023,0,0,0,0,33.6,25.7,2.65,1.38
29/03/2023,0,0,0,0,33.2,25.4,2.61,1.46
30/03/2023,0,0,0,0,33,25.7,2.51,1.41
31/03/2023,0,0,0,0,33.7,25.7,2.38,1.31
01/04/2023,0,0,0,0,32.5,25.7,2.41,1.25
02/04/2023,18.1,18.1,18.1,1,33.4,25,2.5,1.22
03/04/2023,0.05,18.15,18.15,2,32.3,24.5,2.56,1.21
04/04/2023,0,18.15,18.15,2,33.5,25.2,2.58,1.31
05/04/2023,0,0.05,18.15,2,33.2,25.7,2.58,1.36
06/04/2023,0,0,18.15,2,32.7,25.9,2.49,1.38
07/04/2023,0,0,18.15,2,33.2,25.4,2.5,1.26
08/04/2023,0.5,0.5,18.65,3,34.2,25.2,2.67,1.22
09/04/2023,0.05,0.55,0.6,3,34.4,25.6,2.81,1.2
10/04/2023,0,0.55,0.55,2,32.8,26.4,2.91,1.18
11/04/2023,0,0.05,0.55,2,34.3,25.6,2.93,1.18
12/04/2023,0,0,0.55,2,33.9,25.3,2.94,1.27
13/04/2023,0.7,0.7,1.25,3,33.5,26,2.86,1.29
14/04/2023,8.6,9.3,9.85,4,32.8,24.5,2.69,1.23
15/04/2023,0,9.3,9.35,3,32.3,25.3,2.58,1.17
16/04/2023,0,8.6,9.3,2,33.5,25.4,2.6,1.15
17/04/2023,0.05,0.05,9.35,3,33.6,25.6,2.62,1.2
18/04/2023,0,0.05,9.35,3,33.3,26,2.59,1.27
19/04/2023,0,0.05,9.35,3,33.2,26.7,2.52,1.38
20/04/2023,0,0,8.65,2,33.7,26.8,2.56,1.32
21/04/2023,0,0,0.05,1,33.7,26.4,2.73,1.21
22/04/2023,0,0,0.05,1,34,26.2,2.86,1.16
23/04/2023,0,0,0.05,1,33.8,27.8,2.91,1.15
24/04/2023,0,0,0,0,34,27.6,2.95,1.2
25/04/2023,0.1,0.1,0.1,1,34,26.6,2.94,1.28
26/04/2023,0,0.1,0.1,1,34,26.8,2.84,1.34
27/04/2023,0,0.1,0.1,1,33.7,27.6,2.73,1.37
28/04/2023,0,0,0.1,1,34.7,27.3,2.6,1.35
29/04/2023,1.2,1.2,1.3,2,34,27.4,2.42,1.38
30/04/2023,18.8,20,20.1,3,34.1,24.4,2.35,1.4
01/05/2023,1.1,21.1,21.2,4,31.8,24.7,2.35,1.4
02/05/2023,2.6,22.5,23.7,4,30.5,25.9,2.39,1.47
03/05/2023,0,3.7,23.7,4,33,26.4,2.44,1.54
04/05/2023,16.2,18.8,39.9,5,33.8,25.2,2.56,1.44
05/05/2023,28.1,44.3,68,6,32.3,26,2.72,1.3
06/05/2023,21.2,65.5,88,6,27.4,25.5,2.79,1.14
07/05/2023,5.8,55.1,75,6,29,24.9,2.95,1.09
08/05/2023,0,27,73.9,5,31.8,25.6,3.04,1.08
09/05/2023,2.3,8.1,73.6,5,32.4,25.1,3.08,1.09
10/05/2023,0.05,2.35,73.65,6,33.3,25.9,3.05,1.15
11/05/2023,0,2.35,57.45,5,33.8,26.4,2.96,1.16
12/05/2023,0,0.05,29.35,4,33.4,27.6,2.77,1.2
13/05/2023,0,0,8.15,3,33.5,26.5,2.59,1.21
14/05/2023,0,0,2.35,2,33.5,26.7,2.46,1.27
15/05/2023,36,36,38.35,3,33.9,25,2.38,1.35
16/05/2023,2.8,38.8,38.85,3,33.2,25.4,2.36,1.44
17/05/2023,6.8,45.6,45.6,3,33.7,26.2,2.54,1.47
18/05/2023,0,9.6,45.6,3,33.7,26,2.67,1.31
19/05/2023,0.05,6.85,45.65,4,33.4,26.5,2.81,1.18
20/05/2023,1,1.05,46.65,5,32.7,25.4,2.96,1.11
21/05/2023,0.2,1.25,46.85,6,29.6,25,3.03,1.09
22/05/2023,0.4,1.6,11.25,6,32,24.8,3.07,1.13
23/05/2023,1.6,2.2,10.05,6,32,25.7,3.01,1.17
24/05/2023,0,2,3.25,5,32.7,26.5,2.97,1.22
25/05/2023,43.3,44.9,46.55,6,31.2,24.6,2.87,1.27
26/05/2023,0.3,43.6,46.8,6,32.5,24,2.73,1.34
27/05/2023,0,43.6,45.8,5,33.6,25.6,2.59,1.37
28/05/2023,0.2,0.5,45.8,5,32.2,25.4,2.43,1.43
29/05/2023,0.9,1.1,46.3,5,34,27,2.27,1.54
30/05/2023,3.9,5,48.6,5,34.2,26.5,2.27,1.6
31/05/2023,0,4.8,48.6,5,33.2,26.8,2.42,1.66
01/06/2023,9.8,13.7,15.1,5,31.7,25.6,2.48,1.45
02/06/2023,2,11.8,16.8,5,32.3,26,2.65,1.24
03/06/2023,0,11.8,16.8,5,31.9,25.3,2.81,1.07
04/06/2023,0.2,2.2,16.8,5,32,25.6,2.98,0.99
05/06/2023,0.3,0.5,16.2,5,32.4,25.3,3.1,0.95
06/06/2023,11.8,12.3,24.1,5,32.5,25.8,3.17,0.94
07/06/2023,20.1,32.2,44.2,6,31.5,25,3.11,0.96
08/06/2023,16.7,48.6,51.1,6,32.8,25,3.04,1.08
09/06/2023,0,36.8,49.1,5,32,25.2,2.88,1.2
10/06/2023,2.6,19.3,51.7,6,33.3,26.3,2.67,1.32
11/06/2023,0.4,3,51.9,6,29.5,24.8,2.44,1.36
12/06/2023,23,26,74.6,6,32.8,24.9,2.23,1.4
13/06/2023,0,23.4,62.8,5,32.3,25.6,2.24,1.57
14/06/2023,0,23,42.7,4,32.1,25.6,2.4,1.55
15/06/2023,0.9,0.9,26.9,4,32.5,26.5,2.55,1.3
16/06/2023,2,2.9,28.9,5,28.6,24.8,2.69,1.17
17/06/2023,1.3,4.2,27.6,5,32.4,25.3,2.79,1.09
18/06/2023,43.7,47,70.9,5,32.4,24.4,2.86,0.99
19/06/2023,0.3,45.3,48.2,5,31.5,25.6,2.89,0.99
20/06/2023,0.3,44.3,48.5,6,31.8,25,2.92,1.06
21/06/2023,0.05,0.65,48.55,7,30.9,24.5,2.88,1.1
22/06/2023,0,0.35,47.65,6,31.8,25.2,2.8,1.18
23/06/2023,5,5.05,50.65,6,28.5,24,2.71,1.25
24/06/2023,0,5,49.35,5,30.8,24.8,2.64,1.34
25/06/2023,0,5,5.65,4,32.1,24.8,2.47,1.4
26/06/2023,8.4,8.4,13.75,4,31.6,24.6,2.29,1.5
27/06/2023,4.9,13.3,18.35,4,31.2,24.7,2.09,1.56
28/06/2023,9.7,23,28,4,31.5,25.2,2.15,1.59
29/06/2023,27.6,42.2,55.6,5,31.4,24.6,2.31,1.55
30/06/2023,0.05,37.35,50.65,5,31.5,25.7,2.47,1.37
01/07/2023,0,27.65,50.65,5,31.6,25.7,2.6,1.09
02/07/2023,0,0.05,50.65,5,32.2,25.8,2.79,0.95
03/07/2023,0.05,0.05,42.3,5,34,26.3,2.94,0.83
04/07/2023,19.6,19.65,57,5,33.3,25.4,3.09,0.86
05/07/2023,6.8,26.45,54.1,5,31.8,25.5,3.1,0.87
06/07/2023,0.05,26.45,26.55,5,31.8,26,3.09,0.96
07/07/2023,2.8,9.65,29.3,5,31.2,26,2.92,1.05
08/07/2023,5.7,8.55,35,6,32.2,24.5,2.73,1.18
09/07/2023,0,8.5,35,6,34.3,25.8,2.49,1.3
10/07/2023,1,6.7,35.95,6,31,25.3,2.23,1.47
11/07/2023,0.9,1.9,17.25,6,32.8,25.2,2.21,1.59
12/07/2023,0,1.9,10.45,5,32.6,25.4,2.38,1.62
13/07/2023,30.6,31.5,41,5,32.1,25.2,2.47,1.41
14/07/2023,32.4,63,70.6,5,30.2,24.9,2.6,1.23
15/07/2023,5.8,68.8,70.7,5,30.9,24.8,2.7,1.09
16/07/2023,17.2,55.4,87.9,6,29,24.8,2.8,1.05
17/07/2023,0.7,23.7,87.6,6,31,25.2,2.79,1
18/07/2023,0.1,18,86.8,6,31.3,25.2,2.83,0.95
19/07/2023,0.1,0.9,86.9,7,31.4,25.6,2.86,1.01
20/07/2023,21.6,21.8,77.9,7,31.8,24.5,2.85,1.13
21/07/2023,23,44.7,68.5,7,31,24.9,2.77,1.16
22/07/2023,2.8,47.4,65.5,7,31.5,25.5,2.59,1.21
23/07/2023,3.9,29.7,52.2,7,30.3,24.3,2.52,1.33
24/07/2023,2.8,9.5,54.3,7,32.7,26.2,2.37,1.43
25/07/2023,50.3,57,104.5,7,31.2,24.2,2.2,1.55
26/07/2023,48.4,101.5,152.8,7,29,24.2,2.26,1.63
27/07/2023,7.3,106,138.5,7,28.6,24.3,2.36,1.67
28/07/2023,7.2,62.9,122.7,7,30.5,25.1,2.47,1.45
29/07/2023,0.05,14.55,119.95,7,31.5,26,2.58,1.21
30/07/2023,8.6,15.85,124.65,7,30.1,25.3,2.75,1.02
31/07/2023,0.1,8.75,121.95,7,30.8,24.7,2.86,0.9
01/08/2023,0.05,8.75,71.7,7,31.7,25,3.05,0.9
02/08/2023,1.7,1.85,25,7,31.3,25.2,3.11,0.91
03/08/2023,46.8,48.55,64.5,7,31.6,25,3.08,0.96
04/08/2023,7.5,56,64.8,7,29.9,24.6,2.94,1.08
05/08/2023,0,54.3,64.75,6,31.8,25,2.76,1.24
06/08/2023,0,7.5,56.15,5,32,24.2,2.53,1.39
07/08/2023,0,0,56.05,4,32.6,25,2.24,1.52
08/08/2023,0,0,56,3,33,25.4,2.29,1.6
09/08/2023,0,0,54.3,2,33.8,25.8,2.4,1.59
10/08/2023,0,0,7.5,1,34.2,26,2.43,1.46
11/08/2023,0,0,0,0,33.4,26.2,2.48,1.29
12/08/2023,0,0,0,0,32.7,26,2.55,1.11
13/08/2023,0,0,0,0,32.6,26.3,2.66,1.05
14/08/2023,0,0,0,0,33.4,26.3,2.74,1.02
15/08/2023,1.2,1.2,1.2,1,33.3,25.4,2.77,1.04
16/08/2023,0,1.2,1.2,1,32,25.3,2.83,1.09
17/08/2023,0.05,1.25,1.25,2,32.6,26.1,2.79,1.16
18/08/2023,0.05,0.1,1.3,3,32.6,25.4,2.78,1.23
19/08/2023,0.7,0.8,2,4,31.7,24.6,2.7,1.34
20/08/2023,3.2,3.95,5.2,5,30.5,25.1,2.57,1.42
21/08/2023,0,3.9,5.2,5,31.6,25.5,2.42,1.51
22/08/2023,0,3.2,4,4,32.4,25.1,2.27,1.55
23/08/2023,2.7,2.7,6.7,5,32.5,25.2,2.39,1.56
24/08/2023,0.05,2.75,6.7,5,31.7,25.8,2.49,1.52
25/08/2023,0.2,2.95,6.85,5,32,24.6,2.51,1.45
26/08/2023,10.6,10.85,16.75,5,31.8,24.8,2.58,1.3
27/08/2023,0.3,11.1,13.85,5,33.7,25.2,2.63,1.13
28/08/2023,0.05,10.95,13.9,6,34.2,27.2,2.72,0.99
29/08/2023,28.9,29.25,42.8,7,34.4,24.9,2.88,0.93
30/08/2023,10.6,39.55,50.7,7,29.8,24.8,3.02,1.02
31/08/2023,0.3,39.8,50.95,7,32.3,25.4,3.09,1.09
01/09/2023,0,10.9,50.75,6,33.6,25,2.97,1.21
02/09/2023,0,0.3,40.15,5,32.6,25.3,2.81,1.39
03/09/2023,1.5,1.5,41.35,5,32.6,25.6,2.55,1.41
04/09/2023,0.2,1.7,41.5,5,32.4,26.5,2.48,1.43
05/09/2023,8.9,10.6,21.5,5,32.3,26,2.57,1.46
06/09/2023,0,9.1,10.9,4,32.5,26.1,2.6,1.5
07/09/2023,0.2,9.1,10.8,4,32.6,26,2.64,1.47
08/09/2023,0,0.2,10.8,4,31.3,24.9,2.6,1.41
09/09/2023,0,0.2,10.8,4,32,25.4,2.5,1.31
10/09/2023,0,0,9.3,3,32.5,25.4,2.46,1.21
11/09/2023,3.6,3.6,12.7,3,33,25,2.53,1.17
12/09/2023,0.3,3.9,4.1,3,32.4,25.1,2.65,1.18
13/09/2023,0.4,4.3,4.5,4,33,25.4,2.74,1.2
14/09/2023,0.4,1.1,4.7,4,32.7,25.8,2.72,1.28
15/09/2023,31.7,32.5,36.4,5,31.3,23.7,2.7,1.33
16/09/2023,3.8,35.9,40.2,6,31.6,24.4,2.61,1.41
17/09/2023,0.2,35.7,40.4,7,32.3,24.4,2.52,1.45
18/09/2023,2.2,6.2,39,7,33.5,25.5,2.43,1.42
19/09/2023,1.6,4,40.3,7,32.8,25.7,2.5,1.39
20/09/2023,0.05,3.85,39.95,7,30.9,25,2.56,1.34
21/09/2023,0.7,2.35,40.25,7,32.3,26,2.66,1.39
22/09/2023,7.5,8.25,16.05,7,31.7,25.6,2.7,1.36
23/09/2023,0.1,8.3,12.35,7,31.8,25.4,2.74,1.28
24/09/2023,2.6,10.2,14.75,7,31.2,25.3,2.67,1.17
25/09/2023,11.7,14.4,24.25,7,31.8,24.7,2.63,1.1
26/09/2023,11.3,25.6,33.95,7,31.6,23.8,2.65,1.06
27/09/2023,0.4,23.4,34.3,7,31.9,24.4,2.79,1.13
28/09/2023,5.1,16.8,38.7,7,33.5,24.9,2.85,1.18
29/09/2023,0.2,5.7,31.4,7,31.5,24.6,2.79,1.33
30/09/2023,0,5.3,31.3,6,32.2,25.2,2.65,1.44
01/10/2023,2,2.2,30.7,6,32.7,24.8,2.71,1.4
02/10/2023,0,2,19,5,33.2,25.8,2.79,1.34
03/10/2023,23.6,25.6,31.3,5,32.8,24.8,2.88,1.32
04/10/2023,0,23.6,30.9,4,32.5,24.8,2.96,1.35
05/10/2023,0,23.6,25.8,3,32.7,24.9,2.98,1.42
06/10/2023,0,0,25.6,2,32.8,25.5,2.89,1.48
07/10/2023,0,0,25.6,2,32.6,24.7,2.74,1.45
08/10/2023,0,0,23.6,1,32.8,24.8,2.6,1.39
09/10/2023,1,1,24.6,2,33.6,25.5,2.45,1.36
10/10/2023,0,1,1,1,33,26,2.5,1.36
11/10/2023,50.9,51.9,51.9,2,32.6,24.8,2.58,1.39
12/10/2023,25.2,76.1,77.1,3,32.2,24.5,2.56,1.44
13/10/2023,7.7,83.8,84.8,4,31,24.4,2.56,1.51
14/10/2023,5.6,38.5,90.4,5,31.6,24.4,2.53,1.59
15/10/2023,0.5,13.8,90.9,6,31.4,24.8,2.68,1.49
16/10/2023,10,16.1,99.9,6,28.8,24.4,2.79,1.4
17/10/2023,0.1,10.6,100,7,31.3,24.2,2.95,1.3
18/10/2023,2.4,12.5,51.5,7,32.2,25.3,2.97,1.3
19/10/2023,3.6,6.1,29.9,7,32.6,25,2.96,1.31
20/10/2023,9.7,15.7,31.9,7,32,25,3,1.29
21/10/2023,0,13.3,26.3,6,31.8,25.1,2.97,1.31
22/10/2023,0,9.7,25.8,5,32.4,25.4,2.91,1.3
23/10/2023,0,0,15.8,4,32.6,25.5,2.82,1.28
24/10/2023,0,0,15.7,3,32.4,25.8,2.65,1.26
25/10/2023,0,0,13.3,2,31.2,24.8,2.65,1.3
26/10/2023,0.05,0.05,9.75,2,32.7,25.6,2.67,1.38
27/10/2023,0,0.05,0.05,1,33.2,25.1,2.62,1.49
28/10/2023,0,0.05,0.05,1,30.3,25,2.77,1.46
29/10/2023,0,0,0.05,1,32.7,25.8,2.93,1.33
30/10/2023,0.3,0.3,0.35,2,32,25.8,3.06,1.2
31/10/2023,0.8,1.1,1.15,3,31.5,26,3.11,1.17
01/11/2023,11.6,12.7,12.75,4,30.5,24.7,3.11,1.21
02/11/2023,0,12.4,12.7,3,31.6,25,3.12,1.25
03/11/2023,13.4,25,26.1,4,32.7,24.8,3.07,1.31
04/11/2023,0.05,13.45,26.15,5,32.4,25.8,2.98,1.42
05/11/2023,9,22.45,35.15,6,33.3,25.2,2.84,1.47
06/11/2023,1.2,10.25,36.05,6,31.4,25.5,2.65,1.5
07/11/2023,1.5,11.7,36.75,6,30.5,25,2.45,1.52
08/11/2023,18.1,20.8,43.25,6,32.7,26.4,2.4,1.57
09/11/2023,45.3,64.9,88.55,7,28,23.3,2.47,1.6
10/11/2023,0,63.4,75.15,6,32.7,25.6,2.62,1.67
11/11/2023,0,45.3,75.1,5,32.5,25.6,2.72,1.65
12/11/2023,0,0,66.1,4,32.6,25.8,2.85,1.52
13/11/2023,0,0,64.9,3,32.8,26.1,3.03,1.35
14/11/2023,0.4,0.4,63.8,3,31.6,26.2,3.14,1.25
15/11/2023,2.8,3.2,48.5,3,31.6,26,3.21,1.18
16/11/2023,1.4,4.6,4.6,3,32,26.3,3.21,1.12
17/11/2023,0,4.2,4.6,3,32.8,26.8,3.18,1.13
18/11/2023,0,1.4,4.6,3,33.4,26.3,3.22,1.22
19/11/2023,0,0,4.6,3,33.1,26.3,3.11,1.29
20/11/2023,1.2,1.2,5.8,4,33.3,25.6,3,1.38
21/11/2023,0,1.2,5.4,3,32.8,26.3,2.74,1.42
22/11/2023,0.1,1.3,2.7,3,32.5,27.8,2.54,1.54
23/11/2023,39.1,39.2,40.4,3,30.7,25.2,2.51,1.64
24/11/2023,0,39.2,40.4,3,32,25,2.64,1.76
25/11/2023,0,39.1,40.4,3,33.4,27.4,2.93,1.66
26/11/2023,0,0,40.4,3,32.4,25.8,3.04,1.46
27/11/2023,0,0,39.2,2,32.5,25,3.15,1.26
28/11/2023,0,0,39.2,2,32.2,25.8,3.23,1.17
29/11/2023,7.6,7.6,46.7,2,32.4,26,3.25,1.18
30/11/2023,0.4,8,8,2,30.3,26.9,3.16,1.18
01/12/2023,0,8,8,2,32.2,24.7,3.13,1.2
02/12/2023,0,0.4,8,2,32.4,26.8,3.1,1.4
03/12/2023,0,0,8,2,32.4,26.7,3.08,1.39
04/12/2023,0,0,8,2,32.3,25.2,2.95,1.46
05/12/2023,0,0,8,2,32.3,26.4,2.79,1.53
06/12/2023,0.9,0.9,1.3,2,29.8,25.3,2.61,1.6
07/12/2023,0,0.9,0.9,1,32.4,25.4,2.38,1.68
08/12/2023,0,0.9,0.9,1,33,27,2.58,1.82
09/12/2023,0,0,0.9,1,32.2,24.7,2.73,1.86
10/12/2023,0,0,0.9,1,32.7,25.6,2.84,1.63
11/12/2023,0,0,0.9,1,32.5,25,3.01,1.46
12/12/2023,0,0,0.9,1,32.7,25.1,3.14,1.27
13/12/2023,0,0,0,0,32.8,26,3.27,1.17
14/12/2023,0,0,0,0,32.8,25.2,3.32,1.09
15/12/2023,0,0,0,0,32.9,25,3.36,1.1
16/12/2023,0,0,0,0,32.8,24.6,3.3,1.15
17/12/2023,0,0,0,0,32.9,25.2,3.33,1.22
18/12/2023,0,0,0,0,32.5,25.2,3.17,1.32
19/12/2023,2,2,2,1,33.9,25.8,2.98,1.45
20/12/2023,136.6,138.6,138.6,2,32.5,25,2.71,1.55
21/12/2023,50.5,189.1,189.1,3,29.5,24.7,2.44,1.67
22/12/2023,0.05,187.15,189.15,4,31.3,24.8,2.6,1.8
23/12/2023,0,50.55,189.15,4,32,25.9,2.81,1.7
24/12/2023,0,0.05,189.15,4,31.8,25,2.95,1.5
25/12/2023,0,0,189.15,4,32.7,26,3.07,1.31
26/12/2023,0,0,187.15,3,32.4,25.6,3.15,1.19
27/12/2023,0,0,50.55,2,32.4,25.8,3.19,1.1
28/12/2023,0,0,0.05,1,32.2,25.9,3.19,1.12
29/12/2023,0,0,0,0,32,25.1,3.16,1.15
30/12/2023,0,0,0,0,32.3,25.9,3.12,1.22
31/12/2023,0,0,0,0,32,26,3.1,1.3
01/01/2024,0,0,0,0,32.3,25.8,2.85,1.23
02/01/2024,0,0,0,0,32,25.4,2.67,1.33
03/01/2024,0,0,0,0,32,25.6,2.55,1.41
04/01/2024,0,0,0,0,32.2,25.2,2.25,1.46
05/01/2024,0,0,0,0,32.1,27.1,2.27,1.62
06/01/2024,0,0,0,0,32,25.9,2.4,1.72
07/01/2024,0,0,0,0,31.5,25.9,2.55,1.54
08/01/2024,0,0,0,0,32,25.8,2.72,1.37
09/01/2024,0,0,0,0,32,25,2.84,1.15
10/01/2024,0,0,0,0,32.1,25.7,2.98,0.96
11/01/2024,5,5,5,1,33.5,25.5,3.14,0.85
12/01/2024,0,5,5,1,32,25,3.25,0.86
13/01/2024,0,5,5,1,32,26.4,3.21,0.94
14/01/2024,0,0,5,1,31.7,27.1,3.21,0.99
15/01/2024,0,0,5,1,31.8,24.6,3.1,1.09
16/01/2024,0,0,5,1,31.6,25.4,2.92,1.26
17/01/2024,0,0,5,1,31.6,26,2.56,1.39
18/01/2024,0,0,0,0,31.2,24,2.42,1.52
19/01/2024,0,0,0,0,31.6,23.7,2.45,1.61
20/01/2024,0.4,0.4,0.4,1,31.8,23.7,2.55,1.58
21/01/2024,0.01,0.41,0.41,2,31.8,23.7,2.63,1.36
22/01/2024,6.5,6.91,6.91,3,32.3,24,2.76,1.17
23/01/2024,0,6.51,6.91,3,31.4,24.8,2.82,1.06
24/01/2024,2,8.5,8.91,4,32,23.8,2.87,1
25/01/2024,0,2,8.91,4,31.3,26,2.9,0.98
26/01/2024,0,2,8.91,4,31.2,26.1,2.88,1.03
27/01/2024,0,0,8.51,3,30.5,26.2,2.85,1.05
28/01/2024,0,0,8.5,2,31,25.3,2.86,1.13
29/01/2024,0,0,2,1,31,24.5,2.76,1.19
30/01/2024,0,0,2,1,31.6,25.5,2.66,1.29
31/01/2024,0,0,0,0,31.2,24.4,2.55,1.36
01/02/2024,0,0,0,0,31.6,24.9,2.23,1.32
02/02/2024,0,0,0,0,31.2,24.2,2.19,1.38
03/02/2024,0.01,0.01,0.01,1,32.6,24.1,2.27,1.5
04/02/2024,0,0.01,0.01,1,31.4,23.8,2.33,1.53
05/02/2024,0.01,0.02,0.02,2,31.8,24.6,2.38,1.34
06/02/2024,0,0.01,0.02,2,31.9,23.8,2.49,1.1
07/02/2024,0,0.01,0.02,2,31.8,25.8,2.67,0.94
08/02/2024,0,0,0.02,2,30.6,23.9,2.83,0.83
09/02/2024,0,0,0.02,2,31.8,24.2,2.93,0.77
10/02/2024,0,0,0.01,1,32.4,24,3,0.77
11/02/2024,0,0,0.01,1,32.6,25.4,2.96,0.9
12/02/2024,0,0,0,0,32.2,24.8,2.95,1.01
13/02/2024,0,0,0,0,31.8,26.4,2.8,1.15
14/02/2024,0,0,0,0,32.6,26.2,2.52,1.25
15/02/2024,0,0,0,0,31.4,24,2.25,1.31
16/02/2024,0,0,0,0,32.4,24.3,2.39,1.35
17/02/2024,0,0,0,0,32.2,26.6,2.47,1.39
18/02/2024,0,0,0,0,31.5,24.2,2.44,1.29
19/02/2024,5.8,5.8,5.8,1,31.6,25.5,2.43,1.11
20/02/2024,0,5.8,5.8,1,31.6,23.5,2.49,1.02
21/02/2024,0,5.8,5.8,1,31.6,26.2,2.58,1
22/02/2024,0,0,5.8,1,32,25.8,2.67,0.98
23/02/2024,0.01,0.01,5.81,2,32,26,2.67,1.02
24/02/2024,0,0.01,5.81,2,32.3,24.7,2.65,1.04
25/02/2024,0,0.01,5.81,2,32,24.4,2.6,1.1
26/02/2024,0.1,0.1,0.11,2,32.2,26.5,2.59,1.21
27/02/2024,0,0.1,0.11,2,32,23.8,2.5,1.3
28/02/2024,0,0.1,0.11,2,32,26.4,2.41,1.32
29/02/2024,0,0,0.11,2,32,26.1,2.28,1.33
01/03/2024,0,0,0.1,1,32,24.8,2.3,1.34
02/03/2024,0,0,0.1,1,32.6,24.6,2.39,1.36
03/03/2024,0,0,0.1,1,32.3,23.6,2.42,1.36
04/03/2024,0,0,0,0,31.5,23.3,2.45,1.32
05/03/2024,0,0,0,0,32.1,23.2,2.46,1.22
06/03/2024,0,0,0,0,32,24,2.56,1.04
07/03/2024,0,0,0,0,32.7,24.8,2.67,0.98
08/03/2024,0,0,0,0,32.9,24.2,2.8,0.93
09/03/2024,0,0,0,0,32.7,23.1,2.9,0.95
10/03/2024,0,0,0,0,32.2,23.8,2.79,1.03
11/03/2024,0,0,0,0,32.2,26.8,2.7,1.13
12/03/2024,0,0,0,0,32.2,23,2.69,1.22
13/03/2024,0,0,0,0,32.7,24.2,2.4,1.16
14/03/2024,0,0,0,0,32.6,25.2,2.48,1.18
15/03/2024,0,0,0,0,32.2,25.7,2.57,1.19
16/03/2024,0,0,0,0,32.7,27.1,2.59,1.25
17/03/2024,0,0,0,0,33.3,24.4,2.52,1.29
18/03/2024,0,0,0,0,32.8,23.7,2.5,1.22
19/03/2024,0,0,0,0,32.8,24,2.37,1.14
20/03/2024,0,0,0,0,32.6,23.8,2.38,1.09
21/03/2024,0,0,0,0,32.7,26.6,2.48,1.09
22/03/2024,0,0,0,0,32.4,26.8,2.51,1.12
23/03/2024,0,0,0,0,32.7,24.9,2.49,1.13
24/03/2024,0,0,0,0,32.8,24.8,2.53,1.19
25/03/2024,0,0,0,0,32.9,27.3,2.48,1.31
26/03/2024,0,0,0,0,33.3,27.4,2.47,1.29
27/03/2024,0,0,0,0,33.3,26.5,2.38,1.25
28/03/2024,0,0,0,0,33.9,26.6,2.45,1.23
29/03/2024,0,0,0,0,33.6,26.3,2.51,1.18
30/03/2024,0,0,0,0,33.8,25.5,2.59,1.19
31/03/2024,0,0,0,0,33.9,25.9,2.68,1.22
01/04/2024,0,0,0,0,33.8,25.3,2.68,1.22
02/04/2024,0,0,0,0,33.9,25,2.6,1.23
03/04/2024,0,0,0,0,33.5,25.7,2.5,1.15
04/04/2024,0,0,0,0,34.3,25.3,2.48,1.11
05/04/2024,0,0,0,0,34.3,26.2,2.58,1.07
06/04/2024,0,0,0,0,34.4,25.6,2.66,1.07
07/04/2024,0,0,0,0,34.4,26.9,2.67,1.14
08/04/2024,0,0,0,0,34.1,25.5,2.52,1.26
09/04/2024,0,0,0,0,34.2,25.4,2.41,1.12
10/04/2024,0,0,0,0,34.8,26.5,2.64,1.01
11/04/2024,0,0,0,0,34.3,25.3,2.77,0.96
12/04/2024,0,0,0,0,33.6,27,2.85,0.99
13/04/2024,0,0,0,0,34.2,27.1,2.78,1.07
14/04/2024,0,0,0,0,34.3,26.3,2.73,1.18
15/04/2024,0,0,0,0,34.2,27,2.61,1.2
16/04/2024,0,0,0,0,33.4,26.5,2.44,1.19
17/04/2024,0,0,0,0,34.5,27,2.33,1.21
18/04/2024,0,0,0,0,34.4,25.8,2.27,1.22
19/04/2024,0,0,0,0,34.4,26.8,2.3,1.24
20/04/2024,0,0,0,0,34,27.5,2.34,1.29
21/04/2024,0,0,0,0,34.4,25.8,2.34,1.37
22/04/2024,0,0,0,0,34.5,26.6,2.28,1.36
23/04/2024,0,0,0,0,35,27.5,2.42,1.22
24/04/2024,0,0,0,0,34.1,27,2.5,1.13
25/04/2024,0,0,0,0,34.6,28.6,2.63,1.06
26/04/2024,0,0,0,0,34.5,27.1,2.73,1.04
27/04/2024,0,0,0,0,34.2,26.3,2.76,1.02
28/04/2024,0,0,0,0,34,28,2.77,1.1
29/04/2024,0.01,0.01,0.01,1,34,27.2,2.71,1.16
30/04/2024,0,0.01,0.01,1,35.6,26.7,2.66,1.24
01/05/2024,0.2,0.21,0.21,2,34.8,29.3,2.47,1.19
02/05/2024,3.2,3.4,3.41,3,33.7,27.1,2.31,1.16
03/05/2024,0,3.4,3.41,3,34.4,26,2.3,1.14
04/05/2024,0,3.2,3.41,3,34.7,26.7,2.29,1.19
05/05/2024,0,0,3.41,3,34.3,26.7,2.27,1.28
06/05/2024,0,0,3.4,2,34.4,26.9,2.17,1.25
07/05/2024,0,0,3.4,2,34.8,27.8,2.37,1.08
08/05/2024,0,0,3.2,1,34.8,26.4,2.6,1
09/05/2024,0.1,0.1,0.1,1,35.2,27.8,2.77,0.92
10/05/2024,0,0.1,0.1,1,36,27.5,2.86,0.93
11/05/2024,0,0.1,0.1,1,35.2,28,2.87,0.95
12/05/2024,0.2,0.2,0.3,2,34.7,28,2.82,1.06
13/05/2024,0,0.2,0.3,2,34.6,27.8,2.72,1.16
14/05/2024,0.1,0.3,0.4,3,35,27.3,2.6,1.23
15/05/2024,0,0.1,0.4,3,34.3,26.9,2.42,1.27
16/05/2024,0,0.1,0.3,2,34.4,27.3,2.27,1.31
17/05/2024,0,0,0.3,2,35.5,27.8,2.13,1.34
18/05/2024,0,0,0.3,2,34.4,27.3,2.06,1.38
19/05/2024,0,0,0.1,1,34.5,26.9,2.09,1.42
20/05/2024,0,0,0.1,1,34.4,26.5,2.22,1.44
21/05/2024,0,0,0,0,34.2,27.7,2.35,1.26
22/05/2024,0,0,0,0,34.8,27.4,2.49,1.13
23/05/2024,0,0,0,0,35.6,28.2,2.65,1.03
24/05/2024,0,0,0,0,35,27.8,2.81,0.93
25/05/2024,6.2,6.2,6.2,1,34.5,27.6,2.88,0.9
26/05/2024,0,6.2,6.2,1,34.8,28.4,2.94,0.87
27/05/2024,9.6,15.8,15.8,2,33.7,27.2,2.89,0.93
28/05/2024,13.6,23.2,29.4,3,33.8,25.8,2.87,1
29/05/2024,17.8,41,47.2,4,33.2,25.4,2.73,1.06
30/05/2024,3,34.4,50.2,5,31,25.2,2.59,1.18
31/05/2024,0.3,21.1,50.5,6,32.7,26.9,2.41,1.21
01/06/2024,0,3.3,44.3,5,32.6,26.7,2.2,1.39
02/06/2024,0,0.3,44.3,5,34.6,27.6,2.11,1.35
03/06/2024,0,0,34.7,4,33.6,26.9,2.31,1.4
04/06/2024,0,0,21.1,3,33.9,26.6,2.49,1.17
05/06/2024,0,0,3.3,2,34.4,26.5,2.68,1
06/06/2024,0.2,0.2,0.5,2,33.6,26.4,2.79,0.85
07/06/2024,10.9,11.1,11.1,2,32.4,25.3,2.92,0.86
08/06/2024,1.2,12.3,12.3,3,32.3,26,2.94,0.88
09/06/2024,3.2,15.3,15.5,4,32,25.7,2.91,0.94
10/06/2024,0,4.4,15.5,4,33,26.8,2.81,1.01
11/06/2024,0.2,3.4,15.7,5,32.9,26.1,2.69,1.06
12/06/2024,0.01,0.21,15.71,6,35.8,26.3,2.56,1.2
13/06/2024,0,0.21,15.51,5,34.5,26.3,2.4,1.34
14/06/2024,6.7,6.71,11.31,5,33.1,25.5,2.19,1.41
15/06/2024,8.3,15,18.41,5,29.5,25.6,2.01,1.45
16/06/2024,0.01,15.01,15.22,5,30.7,25.8,2.03,1.54
17/06/2024,0,8.31,15.22,5,33.2,26.1,2.17,1.57
18/06/2024,0.2,0.21,15.22,5,30,25.5,2.3,1.42
19/06/2024,0,0.2,15.21,4,33.1,25.9,2.47,1.27
20/06/2024,2.7,2.9,17.91,5,32,25.5,2.59,1.09
21/06/2024,5,7.7,16.21,5,31.9,25.1,2.72,1.01
22/06/2024,17.5,25.2,25.41,5,30,25.4,2.85,0.99
23/06/2024,18.9,41.4,44.3,5,30.8,24.8,2.89,0.98
24/06/2024,0.01,36.41,44.31,6,31.4,25,2.96,0.99
25/06/2024,0,18.91,44.11,5,34.5,26.6,2.96,1.04
26/06/2024,0.2,0.21,44.31,6,33,26.1,2.84,1.09
27/06/2024,21.8,22,63.41,6,32.5,24.8,2.59,1.2
28/06/2024,62.5,84.5,120.91,6,29,24.9,2.44,1.32
29/06/2024,0,84.3,103.41,5,32.6,25.4,2.15,1.43
30/06/2024,0.01,62.51,84.52,5,32.8,25.6,2.11,1.51
01/07/2024,0.01,0.02,84.52,5,31.5,25.5,2.22,1.49
02/07/2024,0,0.02,84.52,5,31,26,2.38,1.27
03/07/2024,6.7,6.71,91.02,5,32.4,26.6,2.54,1.06
04/07/2024,9.6,16.3,78.82,5,32,24.8,2.67,0.91
05/07/2024,0,16.3,16.32,4,33,25.8,2.82,0.9
06/07/2024,0.1,9.7,16.42,5,32.5,25.4,2.92,0.88
07/07/2024,2,2.1,18.41,5,32,25.2,2.86,0.91
08/07/2024,0,2.1,18.4,4,31.8,26.3,2.84,0.99
09/07/2024,3.2,5.2,21.6,5,32,26.3,2.74,1.01
10/07/2024,1.5,4.7,16.4,5,31.6,25.9,2.61,1.1
11/07/2024,2.8,7.5,9.6,5,31.5,25.4,2.53,1.24
12/07/2024,14.8,19.1,24.4,6,32.9,24.8,2.32,1.33
13/07/2024,0.6,18.2,24.9,6,31,25.2,2.19,1.4
14/07/2024,1.2,16.6,24.1,6,31,25.5,2.02,1.49
15/07/2024,3.9,5.7,28,7,31,25.3,2.15,1.62
16/07/2024,10.4,15.5,35.2,7,30.5,25.2,2.28,1.58
17/07/2024,7.5,21.8,41.2,7,30.3,25.6,2.35,1.31
18/07/2024,6.9,24.8,45.3,7,30.5,24.8,2.49,1.06
19/07/2024,5.5,19.9,36,7,30.4,24.4,2.64,0.97
20/07/2024,42.8,55.2,78.2,7,31.2,24,2.82,0.92
21/07/2024,1.7,50,78.7,7,30.4,24.8,2.92,0.92
22/07/2024,0,44.5,74.8,6,31.5,25.4,2.67,1.62
23/07/2024,0.01,1.71,64.41,6,31.2,27.3,,
24/07/2024,10,10.01,66.91,6,31.8,24.9,2.67,1.08
25/07/2024,0.01,10.02,60.02,6,33,25.4,2.81,1.22
26/07/2024,6.3,16.31,60.82,6,31.7,26.2,2.55,1.35
27/07/2024,0,6.31,18.02,5,32.4,25.9,2.25,1.43
28/07/2024,1.8,8.1,18.12,5,31.7,25.8,2.24,1.57
29/07/2024,11,12.8,29.12,6,31.5,25.5,2.37,1.6
30/07/2024,1.2,14,30.31,6,31.4,25.4,2.43,1.39
31/07/2024,0,12.2,20.31,5,31.8,25.5,2.52,1.17
01/08/2024,0,1.2,20.3,4,32,25.4,2.68,1.11
02/08/2024,2.6,2.6,16.6,4,32,26.1,2.76,1.06
03/08/2024,14.6,17.2,31.2,5,32.1,24.9,2.84,1.03
04/08/2024,5,22.2,34.4,5,31.6,23.8,2.88,1.08
05/08/2024,0,19.6,23.4,4,31.5,25.7,2.85,1.16
06/08/2024,1.6,6.6,23.8,4,31.5,25.2,2.81,1.22
07/08/2024,0.9,2.5,24.7,5,32.1,25.7,2.74,1.3
08/08/2024,0,2.5,24.7,5,32.4,25.4,2.63,1.38
09/08/2024,0,0.9,22.1,4,32.3,25.5,2.43,1.48
10/08/2024,0,0,7.5,3,31.8,25.9,2.29,1.56
11/08/2024,0,0,2.5,2,32.2,25.4,2.2,1.62
12/08/2024,0,0,2.5,2,32,25,2.27,1.6
13/08/2024,0,0,0.9,1,32.6,25.5,2.28,1.57
14/08/2024,2.2,2.2,2.2,1,32.4,25.1,2.29,1.44
15/08/2024,0,2.2,2.2,1,32.4,25.8,2.4,1.28
16/08/2024,0,2.2,2.2,1,32.6,26.1,2.52,1.13
17/08/2024,0.4,0.4,2.6,2,32,25.4,2.64,1
18/08/2024,0,0.4,2.6,2,32.5,26.2,2.79,0.99
19/08/2024,0.01,0.41,2.61,3,33.3,26.6,3.01,1.51
20/08/2024,2.2,2.21,4.81,4,32.1,26.1,,
21/08/2024,0,2.21,2.61,3,33,26.2,,
22/08/2024,0,2.2,2.61,3,32.2,26,2.72,1.31
23/08/2024,0.01,0.01,2.62,4,33.8,27,2.46,1.38
24/08/2024,0.3,0.31,2.52,4,31.5,26,2.28,1.47
25/08/2024,0,0.31,2.52,4,32,25.5,2.4,1.49
26/08/2024,61.3,61.6,63.81,4,31.5,24.7,2.52,1.47
27/08/2024,0,61.3,61.61,3,32,25.6,2.52,1.44
28/08/2024,0.7,62,62.31,4,31.8,25.8,2.52,1.31
29/08/2024,18.8,19.5,81.11,5,32.5,24.8,2.58,1.19
30/08/2024,12.6,32.1,93.7,5,28.7,25.2,2.62,1.09
31/08/2024,16.9,48.3,110.3,5,31.5,24.2,2.67,1.05
01/09/2024,0,29.5,110.3,5,31.2,25.4,2.77,1.1
02/09/2024,2.9,19.8,51.9,5,28.7,25,2.81,1.22
03/09/2024,16.1,19,68,6,31,25,2.7,1.34
04/09/2024,0,19,67.3,5,33,24.8,2.67,1.33
05/09/2024,2.1,18.2,50.6,5,31.5,25.8,2.57,1.43
06/09/2024,43.6,45.7,81.6,5,31.7,26.6,2.47,1.47
07/09/2024,56.8,102.5,121.5,5,28.4,24.5,2.34,1.48
08/09/2024,0.2,100.6,121.7,6,31.7,25.3,2.37,1.49
09/09/2024,0,57,118.8,5,32,25,2.42,1.55
10/09/2024,0,0.2,102.7,4,32.4,25.6,2.48,1.55
11/09/2024,0.01,0.01,102.71,5,32.2,25.5,2.54,1.56
12/09/2024,60.9,60.91,161.51,5,32.3,24.8,2.49,1.37
13/09/2024,23.2,84.11,141.11,5,30.7,24.8,2.5,1.26
14/09/2024,70.5,154.6,154.81,5,28.6,23.7,2.56,1.25
15/09/2024,57.5,151.2,212.11,5,28,24.4,2.68,1.14
16/09/2024,37.4,165.4,249.51,6,32.2,24.9,2.88,1.23
17/09/2024,79.3,174.2,328.81,7,29.6,24.3,,
18/09/2024,17.6,134.3,346.4,7,28.9,24.5,,
19/09/2024,2.7,99.6,288.2,7,31.3,24.9,,
20/09/2024,12.6,32.9,277.6,7,30.1,24.8,2.47,1.52
21/09/2024,2.9,18.2,210,7,29.6,24,2.57,1.36
22/09/2024,0,15.5,152.5,6,31.2,25.3,2.67,1.36
23/09/2024,0,2.9,115.1,5,31.3,24.6,2.74,1.37
24/09/2024,0,0,35.8,4,31.9,25.2,2.75,1.43
25/09/2024,9.4,9.4,27.6,4,31.3,24,2.68,1.36
26/09/2024,1.8,11.2,26.7,4,30,24.4,2.52,1.28
27/09/2024,0,11.2,14.1,3,31.6,25,2.4,1.25
28/09/2024,0,1.8,11.2,2,32.6,25.4,2.4,1.25
29/09/2024,0,0,11.2,2,32.5,25.7,2.5,1.27
30/09/2024,0,0,11.2,2,32.3,24.8,2.54,1.25
01/10/2024,0,0,11.2,2,32.2,25.6,2.56,1.3
02/10/2024,0.4,0.4,2.2,2,32.2,25.7,2.51,1.35
03/10/2024,0,0.4,0.4,1,33.8,25.4,2.44,1.4
04/10/2024,0,0.4,0.4,1,34,25.6,2.47,1.31
05/10/2024,0,0,0.4,1,32.1,25.7,2.57,1.24
06/10/2024,0.6,0.6,1,2,32.6,25.6,2.6,1.25
07/10/2024,0.4,1,1.4,3,31.8,25,2.68,1.21
08/10/2024,0.1,1.1,1.5,4,31.6,25,2.69,1.24
09/10/2024,3.7,4.2,4.8,4,32.2,24.6,2.67,1.3
10/10/2024,1.9,5.7,6.7,5,32,25,2.65,1.31
11/10/2024,0,5.6,6.7,5,33,25,2.62,1.37
12/10/2024,0,1.9,6.7,5,32.9,25.8,2.53,1.28
13/10/2024,0,0,6.1,4,33.1,25.3,2.46,1.19
14/10/2024,0,0,5.7,3,33.7,25.7,2.55,1.21
15/10/2024,0.3,0.3,5.9,3,33.6,26.3,2.62,1.27
16/10/2024,5.5,5.8,7.7,3,32.1,25.3,2.62,1.39
17/10/2024,4.8,10.6,10.6,3,31.6,25.2,2.52,1.39
18/10/2024,0,10.3,10.6,3,32.8,25.4,2.71,1.23
19/10/2024,0.01,4.81,10.61,4,33.8,25.5,2.86,1.11
20/10/2024,0,0.01,10.61,4,33.5,25.9,2.87,1.12
21/10/2024,30.4,30.41,41.01,5,33,23.8,2.93,1.12
22/10/2024,2.2,32.6,42.91,5,30.2,24.8,2.96,1.18
23/10/2024,1.5,34.1,38.91,5,30.7,25.2,2.87,1.24
24/10/2024,48.4,52.1,82.51,5,28.6,24.5,2.74,1.25
25/10/2024,28.4,78.3,110.91,6,28.2,24.5,2.56,1.27
26/10/2024,6.2,83,117.1,6,30.4,24.5,2.34,1.33
27/10/2024,2.6,37.2,119.7,7,30.4,24.6,2.24,1.32
28/10/2024,0,8.8,89.3,6,33.3,25,2.35,1.46
29/10/2024,3.8,6.4,90.9,6,31.6,24.8,2.4,1.57
30/10/2024,0,3.8,89.4,5,34,25.3,2.52,1.62
31/10/2024,0.8,4.6,41.8,5,32.8,25.6,2.6,1.53
01/11/2024,0,0.8,13.4,4,32.4,26.3,2.66,1.43
02/11/2024,17.6,18.4,24.8,4,31,24.4,2.74,1.26
03/11/2024,0,17.6,22.2,3,32.2,25.2,2.87,1.19
04/11/2024,2.7,20.3,24.9,4,32.7,25.9,2.91,1.24
05/11/2024,0.5,3.2,21.6,4,29.8,24.8,2.89,1.25
06/11/2024,1,4.2,22.6,5,32.2,25.4,2.93,1.25
07/11/2024,0,1.5,21.8,4,32.3,25.6,2.93,1.26
08/11/2024,1.3,2.3,23.1,5,32.1,25.4,2.83,1.33
09/11/2024,0,1.3,5.5,4,32,25.6,2.71,1.3
10/11/2024,0,1.3,5.5,4,32.6,25.3,2.55,1.33
11/11/2024,0,0,2.8,3,33,25.4,2.44,1.38
12/11/2024,0,0,2.3,2,32.4,24.6,2.39,1.44
13/11/2024,0,0,1.3,1,32.3,25.5,2.45,1.54
14/11/2024,0,0,1.3,1,32.6,26,2.67,1.48
15/11/2024,0,0,0,0,33,26,2.82,1.29
16/11/2024,0,0,0,0,32.6,25.6,2.99,1.11
17/11/2024,0,0,0,0,35.2,25.2,3.07,1.04
18/11/2024,0,0,0,0,32.8,25.3,3.09,1.02
19/11/2024,5.3,5.3,5.3,1,32.8,25.9,3.06,1.12
20/11/2024,0.3,5.6,5.6,2,32.7,27,3.05,1.16
21/11/2024,0,5.6,5.6,2,33.5,25.6,2.87,1.14
22/11/2024,0,0.3,5.6,2,33.2,26,2.71,1.23
23/11/2024,0,0,5.6,2,33.2,26.4,2.52,1.36
24/11/2024,0,0,5.6,2,33.5,28,2.34,1.42
25/11/2024,0,0,5.6,2,33.5,26.7,2.2,1.52
26/11/2024,0,0,0.3,1,33.3,25.8,2.31,1.58
27/11/2024,0,0,0,0,33.4,25.8,2.42,1.66
28/11/2024,0,0,0,0,33.4,26,2.54,1.5
29/11/2024,0.01,0.01,0.01,1,33.1,26.5,2.64,1.34
30/11/2024,7.7,7.71,7.71,2,30.5,26.1,2.78,1.21
01/12/2024,3.5,11.21,11.21,3,32.5,25.9,2.85,1.1
02/12/2024,2.8,14,14.01,4,29,25.1,2.95,0.99
03/12/2024,0,6.3,14.01,4,32.5,25.7,2.98,1
04/12/2024,0.8,3.6,14.81,5,32.2,25.5,2.99,1.03
05/12/2024,0,0.8,14.81,5,32.7,25.4,2.97,1.09
06/12/2024,10.2,11,25,5,32.4,24.4,2.93,1.11
07/12/2024,0,10.2,17.3,4,32.1,25.2,2.82,1.18
08/12/2024,0.3,10.5,14.1,4,31.8,25.8,2.7,1.28
09/12/2024,18.8,19.1,30.1,4,32,25.7,2.5,1.36
10/12/2024,78.2,97.3,108.3,5,31.3,26,2.35,1.49
11/12/2024,9.7,106.7,117.2,5,31.9,25,2.46,1.53
12/12/2024,30,117.9,147.2,6,31,25.3,2.72,1.53
13/12/2024,8.5,48.2,145.5,6,31.5,25.7,2.85,1.33
14/12/2024,55.4,93.9,200.9,7,32.2,24.4,2.34,1.07
15/12/2024,0,63.9,200.6,6,32.2,24.7,,
16/12/2024,0,55.4,181.8,5,32.4,25.2,,
17/12/2024,0,0,103.6,4,31.8,25.1,,
18/12/2024,0.3,0.3,94.2,4,32.4,25.1,2.95,1.01
19/12/2024,0,0.3,64.2,3,32.5,25.4,2.98,1.05
20/12/2024,0.01,0.31,55.71,3,33.2,25.2,2.9,1.17
21/12/2024,0.01,0.02,0.32,3,32.2,27,2.73,1.28
22/12/2024,220.6,220.62,220.92,4,29,24.6,2.52,1.35
23/12/2024,57.9,278.51,278.82,5,30,24.7,2.31,1.47
24/12/2024,24.6,303.1,303.42,6,28.5,24.5,2.28,1.58
25/12/2024,0,82.5,303.12,5,30.7,24.3,2.42,1.69
26/12/2024,2.6,27.2,305.72,6,31.4,25.4,2.59,1.67
27/12/2024,1.4,4,307.11,6,31,25,2.68,1.49
28/12/2024,19.6,23.6,326.7,6,28.8,24.9,2.8,1.28
29/12/2024,34.5,55.5,140.6,6,26,23.8,2.91,1.14
30/12/2024,9.2,63.3,91.9,6,28.9,24.3,3,1.06
31/12/2024,17.4,61.1,84.7,6,31,25.7,3.02,0.96
